name,birthdate,num_games,overall_record,height,hit_pct,aces_per_game,serve_errors_per_game,blocks_per_game,digs_per_game,.cluster
Kerri Walsh Jennings,1978-08-15,1347,0.8760207869339273,75,0.5222058341527368,0.3615441722345954,0.4038604305864885,1.1774313288789904,3.0185597624350406,1
April Ross,1982-06-20,1233,0.7680454176804542,73,0.48097477554510476,1.0324412003244121,1.2749391727493917,0.3195458231954582,4.100567721005677,1
Jennifer Kessy,1977-07-31,1201,0.6894254787676936,72,0.4308092160719303,0.5487094088259784,1.0649458784346377,0.7985012489592007,3.623646960865945,1
Elaine Youngs,1970-02-14,971,0.7847579814624099,72,0.4748120625594055,1.1637487126673531,1.329557157569516,1.1266735324407826,3.196704428424305,1
Misty May-Treanor,1977-07-30,963,0.9023883696780893,69,0.47949921752738656,0.32502596053997923,0.26272066458982346,0.29179646936656284,6.155763239875389,2
Talita Antunes,1982-08-29,924,0.7510822510822511,71,0.4842381786339755,0.04112554112554113,0.06060606060606061,0.10930735930735931,0.24025974025974026,2
Nicole Branagh,1979-01-31,899,0.692992213570634,74,0.436310589483456,1.07119021134594,1.7096774193548387,0.646273637374861,4.904338153503893,1
Juliana Felisberta,1983-07-22,852,0.7934272300469484,70,0.48214285714285715,0.04460093896713615,0.03873239436619718,0.07746478873239436,0.18544600938967137,2
Lauren Fendrick,1982-03-20,850,0.5458823529411765,75,0.41110818173828984,0.5588235294117647,0.78117647058823525,1.0482352941176472,2.8117647058823527,1
Larissa Franca,1982-04-14,835,0.8383233532934131,69,0.4797619047619048,0.10538922155688622,0.13293413173652693,0.008383233532934131,0.5401197604790419,2
Maria Antonelli,1984-02-25,757,0.714663143989432,69,0.38957345971563984,0.10303830911492734,0.18361955085865259,0.009247027741083224,0.5561426684280053,2
Carolina Salgado,1987-08-06,731,0.6443228454172366,70,0.4774193548387097,0.058823529411764705,0.0560875512995896,0.06703146374829001,0.1094391244870041,2
Rachel Scott,1975-06-15,717,0.6582984658298466,68,0.40779775943396224,0.41143654114365413,0.7266387726638772,0.30404463040446306,7.193863319386332,1
Brittany Hochevar,1981-05-26,709,0.5528913963328632,72,0.4006086100420657,1.0789844851904091,1.5867418899858956,0.28067700987306066,6.173483779971791,1
Maria Clara Salgado,1983-05-06,704,0.6193181818181818,69,0.40054869684499317,0.13636363636363635,0.21875,0.01278409090909091,0.8863636363636364,2
Holly McPeak,1969-05-15,698,0.6934097421203438,67,0.3546455306032585,0.49570200573065903,0.5,0.06876790830945559,8.544412607449857,1
Angie Akers,1976-06-30,694,0.57636887608069165,72,0.43113663294139093,0.8242074927953891,1.2997118155619596,0.69164265129683,4.979827089337176,1
Tyra Turner,1976-07-21,690,0.6217391304347826,73,0.4017857142857143,0.7217391304347827,1.6188405797101448,1.2246376811594204,4.595652173913043,1
Vasiliki Arvaniti,1985-03-17,686,0.5349854227405247,72,0.4395833333333333,0.05830903790087463,0.10349854227405247,0.013119533527696793,0.27696793002915454,2
Laura Ludwig,1986-01-13,676,0.6701183431952663,70,0.4980392156862745,0.09467455621301775,0.1390532544378698,0.0014792899408284023,0.47485207100591714,2
Chen Xue,1989-02-18,660,0.7,75,0.4531422271223815,0.18636363636363637,0.1893939393939394,0.18787878787878787,0.2287878787878788,4
Nancy Reynolds,1970-11-24,647,0.598145285935085,69,0.37570921985815603,0.6754250386398764,0.9520865533230294,0.2287480680061824,7.528593508500773,1
Dianne DeNecochea,2067-11-16,645,0.6232558139534884,76,0.47191721305000395,1.2434108527131782,2.0155038759689923,2.0046511627906978,3.781395348837209,1
Annett Davis,1973-09-22,622,0.6672025723472669,71,0.4600146735143067,1.04983922829582,1.572347266881029,1.3054662379421222,6.421221864951768,1
Jenny Johnson Jordan,1973-06-08,611,0.6677577741407529,70,0.39642881390454204,0.5155482815057283,1.2700490998363339,0.6382978723404256,7.5220949263502455,1
Carrie Dodd,1974-05-19,603,0.5970149253731343,72,0.40494826810616286,0.6915422885572139,0.912106135986733,0.7014925373134329,6.104477611940299,1
Stefanie Schwaiger,1986-08-07,602,0.5149501661129569,72,0.5006587615283268,0.08637873754152824,0.11794019933554817,0.10631229235880399,0.21262458471760798,2
Xi Zhang,1985-04-19,587,0.6950596252129472,72,0.4309360730593607,0.15843270868824533,0.2708688245315162,0.0068143100511073255,1.2657580919931857,2
Jennifer Fopma,1981-10-30,584,0.5496575342465754,75,0.38383415349178096,0.7465753424657534,1.4503424657534247,1.4417808219178083,2.719178082191781,1
Emily Day,1987-08-09,569,0.5729349736379613,73,0.4236467654393428,0.6291739894551845,1.10896309314587,0.7328646748681898,3.0456942003514937,1
Marleen Van Iersel,1988-01-07,551,0.5716878402903811,71,0.47226386806596704,0.06533575317604355,0.1869328493647913,0,0.42105263157894735,2
Agatha Bednarczuk,1983-06-22,547,0.70018281535649,72,0.4781704781704782,0.06398537477148081,0.051188299817184646,0.062157221206581355,0.1480804387568556,2
Shelda Bede,1973-01-01,545,0.781651376146789,65,0.46495726495726497,0.06605504587155964,0.04954128440366973,0.001834862385321101,0.48256880733944957,2
Tatiana Minello,1970-03-01,545,0.6256880733944954,66,0.38854027363439975,1.2275229357798165,1.5908256880733944,0.07155963302752294,7.56697247706422,1
Sanne Keizer,1985-02-06,535,0.5420560747663551,71,0.45067264573991034,0.0616822429906542,0.11775700934579439,0.06542056074766354,0.12710280373831775,2
Summer Ross,1992-12-20,532,0.618421052631579,73,0.43739079790331975,0.42857142857142855,0.5488721804511278,0.6541353383458647,2.4022556390977443,1
Simone Kuhn,1980-09-02,529,0.504725897920605,72,0.46206896551724136,0.05103969754253308,0.07939508506616257,0.06427221172022685,0.1947069943289225,2
Maria Tsiartsiani,1980-10-21,526,0.4714828897338403,71,0.4516728624535316,0.022813688212927757,0.0779467680608365,0.08365019011406843,0.17300380228136883,2
Brooke Sweat,1986-03-27,513,0.5984405458089669,68,0.3700131521262604,0.35282651072124754,0.49122807017543857,0.01364522417153996,4.502923976608187,3
Ilka Semmler,1985-09-08,504,0.5972222222222222,72,0.4906054279749478,0.06547619047619048,0.07738095238095238,0.08134920634920635,0.14682539682539683,2
Ana Paula Henkel,1972-02-13,503,0.7117296222664016,72,0.466996699669967,0.17693836978131214,0.26043737574552683,0.16302186878727634,0.5049701789264414,2
Barbra Fontana,2065-09-08,499,0.6092184368737475,66,0.36566106499291356,0.5571142284569138,0.7434869739478958,0.050100200400801605,8.933867735470942,1
Brooke Niles,1981-03-11,499,0.5511022044088176,68,0.3432124158563949,0.9318637274549099,1.160320641282565,0.04008016032064128,10.150300601202405,1
Katrin Holtwick,1984-04-10,499,0.593186372745491,69,0.4043824701195219,0.04809619238476954,0.10020040080160321,0.002004008016032064,0.35070140280561124,2
Julia Sude,1987-09-02,497,0.579476861167002,73,0.3968957871396896,0.0482897384305835,0.07243460764587525,0.06841046277665996,0.1851106639839034,4
Marta Menegatti,1990-08-16,489,0.5930470347648262,71,0.44320297951582865,0.06748466257668712,0.08588957055214724,0.002044989775051125,0.4437627811860941,2
Elsa Baquerizo,1987-06-25,484,0.5619834710743802,71,0.4273972602739726,0.1115702479338843,0.10743801652892562,0.02066115702479339,0.5433884297520661,2
Priscilla Piantadosi-Lima,1979-12-19,478,0.5397489539748954,71,0.386852873154243,0.9497907949790795,1.5669456066945606,0.4895397489539749,7.855648535564853,1
Evgeniya Ukolova,1989-05-17,473,0.5200845665961945,72,0.4325153374233129,0.06553911205073996,0.19238900634249473,0.019027484143763214,0.37209302325581395,2
Liliana Fernandez,1987-01-04,471,0.5711252653927813,70,0.4707740916271722,0.059447983014861996,0.12101910828025478,0.10828025477707007,0.2632696390658174,2
Marketa Slukova,1988-06-28,468,0.6260683760683761,71,0.44242424242424244,0.06623931623931624,0.1047008547008547,0.05982905982905983,0.29914529914529914,2
Emilia Nystrom,1983-09-13,466,0.4206008583690987,70,0.3993174061433447,0.06866952789699571,0.06223175965665236,0.006437768240343348,0.20815450643776823,2
Jia Tian,1981-02-09,465,0.6709677419354839,70,0.4172661870503597,0.043010752688172046,0.06451612903225806,0.010752688172043012,0.24946236559139784,2
Erika Nystrom,1983-09-13,460,0.41739130434782606,70,0.3568627450980392,0.041304347826086954,0.06304347826086956,0.043478260869565216,0.08695652173913043,2
Doris Schwaiger,1985-02-28,458,0.5305676855895196,68,0.3694083694083694,0.1572052401746725,0.16375545851528384,0.002183406113537118,0.5545851528384279,3
Barbara Hansel,1983-09-18,451,0.43458980044345896,73,0.4,0.06430155210643015,0.08425720620842572,0.07317073170731707,0.07317073170731707,4
Madelein Meppelink,1989-11-29,448,0.5892857142857143,72,0.423728813559322,0.060267857142857144,0.10044642857142858,0.11830357142857142,0.12946428571428573,2
Adriana Behar,1969-02-14,447,0.785234899328859,71,0.6210526315789474,0.02237136465324385,0.03355704697986577,0.035794183445190156,0.21476510067114093,2
Renata Ribeiro,1981-12-07,441,0.6575963718820862,69,0.3273809523809524,0.027210884353741496,0.05668934240362812,0,0.06575963718820861,3
Nadine Zumkehr,1985-02-05,440,0.5386363636363637,68,0.39580209895052476,0.075,0.1318181818181818,0.00909090909090909,0.5272727272727272,2
Katie Jameson,1977-12-23,438,0.5228310502283106,66,0.3764859963731614,1.447488584474886,1.2716894977168949,0.05251141552511415,9.034246575342467,1
Taiana Lima,1984-05-27,434,0.6774193548387096,69,0.467005076142132,0.027649769585253458,0.03456221198156682,0.002304147465437788,0.21889400921658986,2
Natalie Cook,1975-01-19,431,0.6310904872389791,71,0.4172297297297297,0.048723897911832945,0.018561484918793503,0.03944315545243619,0.5777262180974478,2
Tracy Jones,1981-03-17,427,0.5245901639344263,66,0.39092111062141915,0.9039812646370023,0.8548009367681498,0.1053864168618267,10.007025761124122,1
Ingrid Torlen,1979-07-21,423,0.48936170212765956,69,0.39420289855072466,0.04491725768321513,0.04018912529550828,0.02127659574468085,0.15130023640661938,2
Sara Montagnolli,1978-12-02,416,0.4110576923076923,67,0.2251655629139073,0.01201923076923077,0.036057692307692304,0.002403846153846154,0.13942307692307693,3
Kathrine Maaseide,1976-12-18,411,0.44525547445255476,72,0.4375,0.0681265206812652,0.07785888077858881,0.0267639902676399,0.2822384428223844,2
Karla Borger,1988-11-22,410,0.6146341463414634,71,0.49246231155778897,0.09268292682926829,0.13170731707317074,0.01951219512195122,0.32926829268292684,2
Heather Bansley,1987-09-13,401,0.5910224438902744,67,0.3522727272727273,0.07231920199501247,0.09725685785536159,0.00997506234413965,0.5610972568578554,3
Ashley Ivy Swift,1980-10-29,395,0.5113924050632911,71,0.38940918025205223,1.4151898734177215,2.369620253164557,0.5367088607594936,6.751898734177215,1
Barbara Seixas,1987-08-03,389,0.7249357326478149,70,0.5330490405117271,0.11053984575835475,0.07712082262210797,0.002570694087403599,0.41645244215938304,2
Vasso Karadassiou,1973-01-06,387,0.5581395348837209,72,0.5731225296442688,0.05426356589147287,0.031007751937984496,0.007751937984496124,0.35142118863049093,2
Okka Rau,1977-01-05,385,0.5584415584415584,71,0.4631336405529954,0.04155844155844156,0.06233766233766234,0.03116883116883117,0.2649350649350649,2
Stephanie Pohl,1978-05-07,385,0.5584415584415584,73,0.43312101910828027,0.02857142857142857,0.05454545454545454,0.07532467532467532,0.19480519480519481,2
Rebekka Kadijk,1979-06-16,384,0.5104166666666666,69,0.33955223880597013,0.044270833333333336,0.08333333333333333,0.0078125,0.3567708333333333,3
Sara Niedrig,1984-05-21,379,0.633245382585752,71,0.4110929853181077,0.13720316622691292,0.24538258575197888,0.11081794195250659,0.24274406332453827,2
Sarah Pavan,1986-08-16,377,0.6790450928381963,77,0.4755859375,0.11671087533156499,0.2917771883289125,0.38992042440318303,0.29973474801061006,4
Ekaterina Birlova,1987-08-11,374,0.5187165775401069,71,0.5,0.05080213903743316,0.10427807486631016,0.09893048128342247,0.25935828877005346,2
Mayra Garcia,1972-05-16,374,0.446524064171123,68,0.3807531380753138,0.045454545454545456,0.05080213903743316,0,0.393048128342246,2
Nila Ann Hakedal,1979-06-13,374,0.5106951871657754,70,0.3291139240506329,0.045454545454545456,0.07754010695187166,0.029411764705882353,0.13903743315508021,3
Louise Bawden,1981-08-07,372,0.5026881720430108,72,0.47262247838616717,0.051075268817204304,0.10752688172043011,0.10215053763440861,0.18548387096774194,2
Isabelle Forrer,1982-03-28,368,0.4592391304347826,70,0.38328530259365995,0.059782608695652176,0.059782608695652176,0.002717391304347826,0.36141304347826086,2
Heather Lowe,1975-04-13,365,0.44931506849315067,72,0.3482282438770193,0.8657534246575342,1.0712328767123287,0.8547945205479452,6.306849315068493,1
Kristyna Kolocova,1988-04-01,365,0.5808219178082191,67,0.4291497975708502,0.08767123287671233,0.12054794520547946,0,0.4712328767123288,2
Whitney Pavlik,1983-11-03,363,0.5261707988980716,72,0.3736054022313564,0.8016528925619835,1.1790633608815426,0.17355371900826447,8.154269972451791,1
Marie-Andree Lessard,1977-12-06,359,0.415041782729805,66,0.36824324324324326,0.04735376044568245,0.08913649025069638,0.008356545961002786,0.23119777158774374,3
Paula Roca,1971-07-17,358,0.5167597765363129,71,0.3655355493998153,1.1927374301675977,1.2206703910614525,0.5698324022346368,9.41340782122905,1
Fan Wang,1994-01-27,357,0.5238095238095238,74,0.46842105263157896,0.0392156862745098,0.056022408963585436,0.04201680672268908,0.08403361344537816,2
Chantal Laboureur,1990-01-04,356,0.601123595505618,70,0.35359116022099446,0.033707865168539325,0.033707865168539325,0.011235955056179775,0.24719101123595505,2
Dalixia Fernandez Grasset,1977-11-26,349,0.5071633237822349,69,0.514161220043573,0.0659025787965616,0.0659025787965616,0.011461318051575931,0.3982808022922636,2
Efthalia Koutroumanidou,1982-10-07,346,0.4479768786127168,70,0.425531914893617,0.02601156069364162,0.04046242774566474,0.028901734104046242,0.25722543352601157,2
Jenny Pavley,1976-06-17,344,0.5087209302325582,68,0.33285560730920816,0.6191860465116279,0.7296511627906976,0.16569767441860464,11.206395348837209,1
Lucilla Perrotta,1975-06-03,343,0.5131195335276968,70,0.5634920634920635,0.029154518950437316,0.05830903790087463,0.0058309037900874635,0.1661807580174927,2
Joana Heidrich,1991-10-02,341,0.5571847507331378,75,0.43465045592705165,0.01466275659824047,0.10557184750733138,0.11730205278592376,0.2756598240469208,4
Tamara Larrea Peraza,1973-11-25,335,0.5253731343283582,72,0.5276381909547738,0.03582089552238806,0.05970149253731343,0.06865671641791045,0.2208955223880597,2
Annie Martin,1981-09-07,333,0.45645645645645644,67,0.4625228519195612,0.04504504504504504,0.10510510510510511,0.05405405405405406,0.45045045045045046,2
Liliane Maestrini,1987-10-26,332,0.5933734939759037,73,0.5,0.018072289156626505,0.03614457831325301,0.0963855421686747,0.045180722891566265,2
Daniela Gioria,1979-07-04,326,0.42024539877300615,71,0.44654088050314467,0.05214723926380368,0.10122699386503067,0.049079754601226995,0.1687116564417178,2
Chiaki Kusuhara,1975-11-01,325,0.4369230769230769,69,0.4199134199134199,0.027692307692307693,0.046153846153846156,0.021538461538461538,0.15692307692307692,2
Angela Lewis,1978-03-05,323,0.5046439628482973,71,0.3690532825880114,0.8668730650154799,1.5448916408668731,0.9442724458204335,8.226006191950464,1
Barbora Hermannova,1990-11-07,322,0.5590062111801242,71,0.4329501915708812,0.040372670807453416,0.11490683229813664,0.049689440993788817,0.18012422360248448,2
Daniela Gattelli,1975-11-19,322,0.5217391304347826,71,0.49700598802395207,0.037267080745341616,0.027950310559006212,0.018633540372670808,0.2857142857142857,2
Yuan Yue,1987-07-23,321,0.5202492211838006,72,0.47577092511013214,0.056074766355140186,0.08411214953271028,0,0.2866043613707165,2
Lane Carico,1990-04-25,319,0.5611285266457681,70,0.3718612993224392,0.7429467084639498,1.0125391849529781,0.047021943573667714,7.539184952978056,1
Michelle Williams,1981-06-12,319,0.5203761755485894,73,0.3957426790544514,0.8119122257053292,1.5297805642633229,1.5893416927899686,6.909090909090909,1
Susanne Glesnes,1974-12-01,318,0.46855345911949686,70,0.4289940828402367,0.06918238993710692,0.04716981132075472,0.04716981132075472,0.1540880503144654,2
Natalia Dubovcova,1990-07-05,313,0.46645367412140576,74,0.5169491525423728,0.006389776357827476,0.03514376996805112,0.05750798722044728,0.05750798722044728,2
Hana Skalnikova,1982-03-29,312,0.4198717948717949,72,0.39896373056994816,0.08333333333333333,0.07692307692307693,0.0673076923076923,0.28846153846153844,2
Sarah Straton,1970-10-06,312,0.5192307692307693,74,0.4209568382735309,0.8205128205128205,1.330128205128205,1.875,5.073717948717949,1
Takemi Nishibori,1981-08-20,312,0.40705128205128205,67,0.3218390804597701,0.009615384615384616,0.00641025641025641,0,0.0641025641025641,3
Alexandra Moiseeva,1983-02-09,311,0.4758842443729904,73,0.24050632911392406,0.02572347266881029,0.03536977491961415,0.012861736334405145,0.06430868167202572,4
Milagros Crespo,1979-02-04,311,0.5305466237942122,68,0.4398148148148148,0.012861736334405145,0.00964630225080386,0,0.2282958199356913,2
Victoria Bieneck,1991-03-26,308,0.5162337662337663,72,0.3948497854077253,0.03896103896103896,0.10714285714285714,0.05844155844155844,0.07467532467532467,2
Suzanne Barnes,1980-08-04,306,0.49673202614379086,69,0.3265022137887413,0.9640522875816994,1.5980392156862746,0.08496732026143791,12.77124183006536,1
Marrit Leenstra,1973-10-18,304,0.506578947368421,70,0.48066298342541436,0.039473684210526314,0.04276315789473684,0.019736842105263157,0.17763157894736842,2
Merel Mooren,1982-09-22,302,0.46357615894039733,73,0.3567567567567568,0.052980132450331126,0.09933774834437085,0.04304635761589404,0.076158940397351,4
Emily Stockman,1988-06-06,301,0.5780730897009967,72,0.4257716805487506,0.6578073089700996,0.8305647840531561,0.06312292358803986,6.342192691029901,1
Jenny Kropp,1979-06-17,301,0.5614617940199336,74,0.3931425625161124,0.9169435215946844,1.1993355481727574,2.215946843853821,4.8604651162790695,1
Taliqua Clancy,1992-06-25,296,0.5709459459459459,72,0.5482866043613707,0.08783783783783784,0.16554054054054054,0.04391891891891892,0.25675675675675674,2
Inguna Minusa,1977-08-17,294,0.41156462585034015,69,0.3732876712328767,0.05102040816326531,0.07142857142857142,0.01020408163265306,0.24489795918367346,2
Rieke Brink-Abeler,1979-12-11,293,0.5358361774744027,70,0.4166666666666667,0.013651877133105802,0.034129692832764506,0,0.08191126279863481,2
Lisa Fitzgerald,1981-09-10,292,0.5308219178082192,74,0.3762807935469806,0.4623287671232877,0.7568493150684932,2.2226027397260273,3.493150684931507,1
Kim DiCello,1984-09-30,291,0.49140893470790376,72,0.4360781155627139,0.47079037800687284,0.8900343642611683,1.1546391752577319,3.1512027491408934,1
Janelle Allen,1980-11-22,290,0.41379310344827586,70,0.33766645529486367,1.1827586206896552,1.5,0.21379310344827587,8.337931034482759,1
Imara Esteves Ribalta,1978-04-15,286,0.5244755244755245,70,0.4200743494423792,0.045454545454545456,0.027972027972027972,0.07692307692307693,0.16433566433566432,2
Melissa Humana-Paredes,1992-10-10,285,0.6280701754385964,69,0.4186046511627907,0.11929824561403508,0.21754385964912282,0.007017543859649123,1.5333333333333334,2
Alicia Polzin,1971-09-06,284,0.4225352112676056,75,0.40519673348181146,1.5774647887323943,2.073943661971831,1.7394366197183098,4.823943661971831,1
Lu Wang,1982-08-08,284,0.5176056338028169,74,0.569620253164557,0.02464788732394366,0.04225352112676056,0.04929577464788732,0.1056338028169014,2
Britta Buthe,1988-05-25,281,0.6512455516014235,73,0.521613832853026,0.08185053380782918,0.10676156583629894,0.07473309608540925,0.19572953736654805,2
Leanne McSorley,1973-02-07,280,0.6071428571428571,68,0.385112168592794,0.3607142857142857,0.3964285714285714,0.2857142857142857,4.2785714285714285,3
Giulia Momoli,1981-08-30,277,0.4296028880866426,72,0.31547619047619047,0.02527075812274368,0.061371841155234655,0,0.23465703971119134,4
Kinga Kolosinska,1990-06-02,277,0.44765342960288806,70,0.44976076555023925,0.061371841155234655,0.09747292418772563,0.1371841155234657,0.09386281588447654,2
Sandra Pires,1973-06-16,277,0.7148014440433214,69,0.6330645161290323,0.09386281588447654,0.04693140794223827,0.007220216606498195,0.33212996389891697,2
Jie Wang,1983-12-04,274,0.718978102189781,75,0.5079787234042553,0.09124087591240876,0.058394160583941604,0.12408759124087591,0.21532846715328466,2
"Andrezza ""Rtvelo"" Martins",1977-08-02,273,0.4358974358974359,67,0.34297520661157027,0.05128205128205128,0.08058608058608059,0.003663003663003663,0.40293040293040294,3
Anouk VergÃ©-DÃ©prÃ©,1992-02-11,272,0.5183823529411765,73,0.4280155642023346,0.014705882352941176,0.08088235294117647,0.08455882352941177,0.15441176470588236,2
"Cristine ""Saka"" Santanna",1979-05-27,272,0.4375,71,0.3442211055276382,0.04044117647058824,0.08823529411764706,0.051470588235294115,0.17647058823529413,4
Monika Brzostek,1989-07-28,270,0.42592592592592593,68,0.44398340248962653,0.018518518518518517,0.09259259259259259,0,0.26296296296296295,2
Petia Yanchulova,1978-07-03,269,0.44609665427509293,70,0.4551282051282051,0.07434944237918216,0.05204460966542751,0.07434944237918216,0.4163568773234201,2
Denise Johns,1978-12-09,267,0.3857677902621723,73,0.34794776119402987,0.4943820224719101,1.0074906367041199,0.1797752808988764,4.696629213483146,1
Liesbeth Mouha,1983-01-07,266,0.45112781954887216,75,0.5259515570934256,0.07894736842105263,0.14285714285714285,0.16541353383458646,0.15037593984962405,2
Maria Prokopeva,1986-08-16,266,0.462406015037594,72,0.34183673469387754,0.03007518796992481,0.045112781954887216,0.015037593984962405,0.15789473684210525,4
Stacy Brannon,1981-04-10,266,0.48872180451127817,75,0.40700808625336926,1.018796992481203,1.5225563909774436,0.793233082706767,5.7481203007518795,1
Jenelle Koester,1977-11-16,260,0.34615384615384615,72,0.3289036544850498,1.0192307692307692,1.4807692307692308,0.7653846153846153,6.523076923076923,1
Heidi Ilustre,1977-12-12,258,0.4728682170542636,70,0.3610199444584701,0.7441860465116279,1.0968992248062015,0.6666666666666666,4.24031007751938,1
Kendra VanZwieten,1985-02-08,258,0.4844961240310077,66,0.34043020193151885,0.8023255813953488,1.0348837209302326,0.015503875968992248,8.170542635658915,1
Xinyi Xia,1997-01-14,257,0.5680933852140078,72,0.37012987012987014,0.03501945525291829,0.08560311284046693,0.007782101167315175,0.3735408560311284,4
Ana Gallay,1986-01-16,255,0.48627450980392156,68,0.46853146853146854,0.03529411764705882,0.0784313725490196,0.047058823529411764,0.06666666666666667,2
Kira Walkenhorst,1990-11-18,255,0.7333333333333333,72,0.48717948717948717,0.09411764705882353,0.19215686274509805,0.1568627450980392,0.10196078431372549,2
"Eduarda ""Duda"" Lisboa",1998-08-01,252,0.7063492063492064,72,0.46511627906976744,0.05952380952380952,0.0873015873015873,0.007936507936507936,0.40476190476190477,2
Helke Claasen,1977-03-16,252,0.49603174603174605,72,0.4722222222222222,0.031746031746031744,0,0.015873015873015872,0.10317460317460317,2
Isabel Schneider,1991-07-15,252,0.5079365079365079,71,0.34782608695652173,0.03968253968253968,0.06746031746031746,0.003968253968253968,0.2698412698412698,2
Saralyn Smith,1978-03-23,252,0.3888888888888889,73,0.35144596651445964,0.7182539682539683,1.2619047619047619,1.8253968253968254,6.384920634920635,1
Becchara Palmer,1988-06-18,250,0.512,72,0.3400576368876081,0.096,0.192,0.016,0.38,4
Beth Van Fleet,1977-06-27,250,0.46,72,0.34147967118418127,0.812,1.308,0.312,6.548,1
Viktoria Orsi Toth,1990-08-14,250,0.572,73,0.35135135135135137,0.008,0.016,0.036,0.04,4
Jamie Broder,1985-06-08,249,0.37751004016064255,68,0.3468013468013468,0.03614457831325301,0.09236947791164658,0.004016064257028112,0.3092369477911647,3
Kelley Larsen,1992-05-03,249,0.6385542168674698,74,0.4491634491634492,0.5742971887550201,0.8393574297188755,1.0843373493975903,2.7429718875502007,1
Sayaka Mizoe,1990-07-16,249,0.4497991967871486,69,0.5416666666666666,0,0.008032128514056224,0,0.0642570281124498,2
Betsi Flint,1992-08-13,248,0.657258064516129,70,0.37364100288440205,1.2298387096774193,1.6693548387096775,0,7.625,1
Bibiana Candelas,1983-12-02,246,0.4186991869918699,77,0.2845849802371542,0.06504065040650407,0.14227642276422764,0.13821138211382114,0.10975609756097561,4
Lina Yanchulova,1975-04-12,246,0.44308943089430897,71,0.43342776203966005,0.052845528455284556,0.028455284552845527,0.016260162601626018,0.4024390243902439,2
Diane Pascua,1977-01-24,245,0.46530612244897956,70,0.3836627140974967,0.6122448979591837,0.746938775510204,0.5020408163265306,5.975510204081632,1
Kristina May,1987-02-06,245,0.37551020408163266,74,0.47513812154696133,0.044897959183673466,0.08163265306122448,0.06938775510204082,0.09795918367346938,2
Kelly Claes,1995-09-18,244,0.639344262295082,74,0.46146179401993354,0.6639344262295082,1.0819672131147542,0.7213114754098361,2.151639344262295,1
Marloes Wesselink,1987-04-14,244,0.4098360655737705,69,0.31756756756756754,0.05327868852459016,0.12295081967213115,0.004098360655737705,0.3319672131147541,3
Caitlin Ledoux,1990-06-09,243,0.522633744855967,74,0.4087518647439085,0.7242798353909465,1.0534979423868314,1.0164609053497942,3.0123456790123457,1
Leila Barros,1971-09-30,241,0.6224066390041494,70,0.5862068965517241,0.03319502074688797,0,0.016597510373443983,0.1037344398340249,2
Fernanda Alves,1985-06-29,240,0.6625,74,0.35545023696682465,0.05416666666666667,0.07916666666666666,0.058333333333333334,0.1,4
Amanda Dowdy,1990-05-05,237,0.5316455696202531,74,0.42662807525325613,0.7088607594936709,1.6708860759493671,1.2025316455696202,2.2742616033755274,1
Fei Wang,1981-08-06,237,0.6118143459915611,72,0.5067873303167421,0.0759493670886076,0.10126582278481013,0.04219409282700422,0.18143459915611815,2
Karin Lundqvist,1981-10-05,237,0.3924050632911392,74,0.3563218390804598,0.004219409282700422,0.012658227848101266,0.012658227848101266,0.12658227848101267,4
Jantine van der Vlist,1985-10-30,236,0.4364406779661017,72,0.4138755980861244,0.1228813559322034,0.1864406779661017,0.15254237288135594,0.1652542372881356,2
Sara Hughes,1995-02-14,235,0.6425531914893617,70,0.40794392523364487,0.3617021276595745,0.5234042553191489,0.01702127659574468,4.923404255319149,2
Jennifer Snyder,1976-06-04,232,0.4396551724137931,74,0.3527936962750716,0.9612068965517241,1.6336206896551724,1.2370689655172413,5.392241379310345,1
Tamsin Hinchley,1980-03-10,231,0.5541125541125541,76,0.39823008849557523,0.047619047619047616,0.10822510822510822,0.18181818181818182,0.1471861471861472,4
Anastasia Barsuk,1987-12-18,229,0.4890829694323144,74,0.475177304964539,0.026200873362445413,0.034934497816593885,0.13973799126637554,0.13100436681222707,2
Greta Cicolari,1982-08-23,228,0.5877192982456141,71,0.4960835509138381,0.13157894736842105,0.14473684210526316,0.19298245614035087,0.33771929824561403,2
Taru Lahti,1992-12-09,228,0.5087719298245614,70,0.7,0.0043859649122807015,0,0.008771929824561403,0.039473684210526314,2
Sona Novakova,1975-10-06,224,0.5535714285714286,73,0.4733009708737864,0.08928571428571429,0.10267857142857142,0.05803571428571429,0.6026785714285714,2
Angela Lavalle,1981-04-24,222,0.581081081081081,69,0.3898305084745763,0.009009009009009009,0.03153153153153153,0.0045045045045045045,0.17567567567567569,2
Sophie van Gestel,1991-06-29,221,0.5158371040723982,71,0.41732283464566927,0.12217194570135746,0.35294117647058826,0,0.832579185520362,2
Kylie Gerlic,1975-03-06,219,0.4794520547945205,68,0.45588235294117646,0.0228310502283105,0,0.0091324200913242,0.1004566210045662,2
Alicia Zamparelli-Flavia,1974-10-10,218,0.481651376146789,68,0.2194513715710723,0.23394495412844038,0.42660550458715596,0.03669724770642202,2.889908256880734,3
Irene Pollock,1988-11-10,218,0.48623853211009177,73,0.37337662337662336,0.7706422018348624,1.353211009174312,0.12844036697247707,5.307339449541284,1
Keao Burdine,1983-01-02,217,0.45161290322580644,73,0.3789652969980839,0.8433179723502304,1.8986175115207373,0.5391705069124424,7.580645161290323,1
Dominika Nestarcova,1984-12-12,216,0.4583333333333333,70,0.31007751937984496,0.023148148148148147,0.05092592592592592,0,0.2037037037037037,3
Katharina Schutzenhofer,1993-09-22,216,0.4398148148148148,69,0.288135593220339,0.046296296296296294,0.041666666666666664,0.004629629629629629,0.28703703703703703,3
Julie Romias,1969-10-18,215,0.4418604651162791,70,0.3055746730901583,0.29767441860465116,0.3209302325581395,0.21395348837209302,8.534883720930232,1
Heather McGuire,1986-06-22,213,0.5164319248826291,74,0.3951781970649895,0.6572769953051644,1.051643192488263,0.323943661971831,4.286384976525822,1
Julia Grossner,1988-05-04,213,0.49765258215962443,70,0.48484848484848486,0.023474178403755867,0.051643192488262914,0,0.1596244131455399,2
Brandie Wilkerson,1992-07-01,212,0.6037735849056604,70,0.47794117647058826,0.33962264150943394,0.5377358490566038,0.75,0.6132075471698113,2
Tatiana Barrera,1981-05-09,212,0.4056603773584906,70,0.36885245901639346,0.02830188679245283,0.014150943396226415,0,0.27358490566037735,2
Lea Schwer,1982-01-13,211,0.45023696682464454,72,0.27906976744186046,0.014218009478672985,0.04265402843601896,0.004739336492890996,0.014218009478672985,4
Geeske Banck,1981-01-22,210,0.43333333333333335,71,0.3141025641025641,0.06666666666666667,0.11428571428571428,0.004761904761904762,0.2714285714285714,4
Liesbet Van Breedam,1979-01-27,207,0.4444444444444444,70,0.3227848101265823,0.08695652173913043,0.0821256038647343,0,0.3864734299516908,3
Georgina Klug,1984-06-11,206,0.5194174757281553,68,0.4864864864864865,0.0048543689320388345,0.043689320388349516,0.0048543689320388345,0.1553398058252427,2
Inese Jursone,1981-11-13,204,0.4019607843137255,71,0.4125874125874126,0.0196078431372549,0.06862745098039216,0.004901960784313725,0.2107843137254902,2
Tatyana Mashkova,1988-03-06,202,0.38613861386138615,74,0.4672131147540984,0.04950495049504951,0.10891089108910891,0.009900990099009901,0.04950495049504951,2
Riikka Lehtonen,1979-07-24,201,0.4925373134328358,72,0.43333333333333335,0.009950248756218905,0.01990049751243781,0.009950248756218905,0.06965174129353234,2
Nina Betschart,1995-10-14,200,0.525,68,0.26851851851851855,0.015,0.02,0,0.2,3
Pat Keller,2068-09-09,197,0.4720812182741117,70,0.37315366675304484,0.7411167512690355,0.7766497461928934,0.3756345177664975,6.99492385786802,1
Hilda Gaxiola,1972-07-14,195,0.4358974358974359,71,0.413265306122449,0.015384615384615385,0.046153846153846156,0.06153846153846154,0.16923076923076924,2
Summer Lochowicz,1978-03-30,195,0.48717948717948717,70,0.5465116279069767,0.05641025641025641,0.06153846153846154,0.03076923076923077,0.2512820512820513,2
Tanja HÃ_berli,1992-08-27,195,0.49230769230769234,75,0.38596491228070173,0.02564102564102564,0.07179487179487179,0.06666666666666667,0.05641025641025641,4
Tammy Leibl,2065-03-06,194,0.5670103092783505,71,0.3718492081195628,0.9536082474226805,1.3865979381443299,0.25257731958762886,10.448453608247423,1
Geena Urango,1989-08-02,192,0.5364583333333334,71,0.33775713337757135,1.9635416666666667,3.09375,0.041666666666666664,10.307291666666666,1
Makare Wilson,1976-06-26,192,0.5989583333333334,74,0.3742055084745763,0.6770833333333334,1.6041666666666667,1.3020833333333333,5.802083333333333,1
Martina Bonnerova,1991-07-22,192,0.4479166666666667,69,0.2222222222222222,0.020833333333333332,0.041666666666666664,0.005208333333333333,0.08854166666666667,3
Mika Teru Saiki,1971-09-25,190,0.4473684210526316,68,0.11363636363636363,0.015789473684210527,0.015789473684210527,0,0.04736842105263158,3
Suzana Manole,1978-08-11,190,0.43157894736842106,73,0.2878283388827229,0.5736842105263158,0.8315789473684211,0.32105263157894737,4.3578947368421055,1
Vanilda Leao,1977-02-12,189,0.6349206349206349,69,0.46464646464646464,0.021164021164021163,0.021164021164021163,0.010582010582010581,0.12169312169312169,2
Jolien Sinnema,1992-03-12,187,0.43315508021390375,71,0.37894736842105264,0.026737967914438502,0.0106951871657754,0.0481283422459893,0.058823529411764705,2
Alix Klineman,1989-12-30,185,0.7675675675675676,77,0.4577319587628866,1.0216216216216216,1.8054054054054054,1.2432432432432432,1.318918918918919,1
Kerri Pottharst,2065-06-25,182,0.7032967032967034,72,0.5714285714285714,0.016483516483516484,0.04945054945054945,0,0.1978021978021978,2
Irina Tsimbalova,1987-08-09,181,0.39226519337016574,71,0.3108108108108108,0.027624309392265192,0.04419889502762431,0.0055248618784530384,0.07734806629834254,4
Paige Jensen,1982-07-27,180,0.42777777777777776,71,0.3106145251396648,0.4444444444444444,0.8944444444444445,0.16111111111111112,5.527777777777778,1
Varapatsorn Radarong,1988-03-20,180,0.3611111111111111,70,0.26,0.011111111111111112,0.005555555555555556,0.011111111111111112,0.06666666666666667,3
Virginie Sarpaux,1977-06-12,180,0.4111111111111111,76,0.4827586206896552,0.044444444444444446,0.05555555555555555,0.044444444444444446,0.1,4
Tanya Fuamatu-Anderson,1974-04-28,178,0.46629213483146065,67,0.3658886894075404,0.8932584269662921,1.353932584269663,0.3258426966292135,5.96067415730337,1
Mariafe Artacho,1993-10-24,177,0.5875706214689266,69,0.33793103448275863,0.05649717514124294,0.10734463276836158,0,0.5084745762711864,3
Nicole Sanderson,1976-04-01,177,0.5706214689265536,72,0.5392156862745098,0.03389830508474576,0.12994350282485875,0.05649717514124294,0.4180790960451977,2
Taylor Pischke,1993-04-18,176,0.4090909090909091,72,0.4090909090909091,0.017045454545454544,0.017045454545454544,0.03409090909090909,0.045454545454545456,2
Eva Celbova Rysava,1975-03-08,175,0.5485714285714286,73,0.5161290322580645,0.045714285714285714,0.04,0.03428571428571429,0.3314285714285714,2
Laura Giombini,1989-01-04,175,0.37142857142857144,72,0.3024054982817869,0.08,0.10285714285714286,0.07428571428571429,0.32571428571428573,4
Lenka Hajeckova,1978-04-18,175,0.4742857142857143,68,0.36026200873362446,0.10857142857142857,0.17714285714285713,0,1.0514285714285714,3
Lisa Arce,1969-07-08,175,0.5942857142857143,71,0.44025661587810744,0.7028571428571428,0.36,0.8971428571428571,2.474285714285714,1
Tereza Petrova,1982-03-25,174,0.41954022988505746,69,0.3064516129032258,0.017241379310344827,0.04597701149425287,0,0.13218390804597702,3
Chrissie Zartman,1983-09-29,172,0.4418604651162791,63,0.24852986691426804,0.43023255813953487,0.6569767441860465,0.040697674418604654,7.9476744186046515,3
Sheila Shaw,1983-12-21,172,0.4476744186046512,73,0.39361702127659576,0.877906976744186,2,1.8953488372093024,4.523255813953488,1
Marla O'Hara,2061-02-22,171,0.42105263157894735,69,0.2942643391521197,0.21052631578947367,0.1111111111111111,0.11695906432748537,0.8596491228070176,3
Svitlana Baburina,1985-03-18,170,0.37058823529411766,71,0.30927835051546393,0.03529411764705882,0.1,0.011764705882352941,0.11176470588235295,4
Shaylyn Bede,1981-12-12,167,0.5329341317365269,65,0.27007299270072993,0.017964071856287425,0.04790419161676647,0,0.19760479041916168,3
Tanarattha Udomchavee,1989-10-22,167,0.32934131736526945,69,0.5535714285714286,0,0.017964071856287425,0,0.19161676646706588,2
Tanja Goricanec,1990-01-04,167,0.40718562874251496,72,0.3,0.10778443113772455,0.1317365269461078,0.005988023952095809,0.32335329341317365,4
Alexandra Jupiter,1990-03-11,166,0.4397590361445783,74,0.3125,0.12048192771084337,0.1746987951807229,0.0783132530120482,0.28313253012048195,4
Catie Mintz,1977-01-13,165,0.509090909090909,69,0.3407534246575342,0.3151515151515151,0.7515151515151515,0.24242424242424243,3.224242424242424,3
Courtney Guerra,1981-04-13,165,0.4303030303030303,71,0.3277078858545566,0.6666666666666666,1.5212121212121212,0.6121212121212121,4.96969696969697,1
Nadezda Makroguzova,1997-04-02,165,0.48484848484848486,73,0.4788732394366197,0.01818181818181818,0.05454545454545454,0.01818181818181818,0.05454545454545454,2
Nicole Schnyder-Benoit,1973-03-13,165,0.49696969696969695,69,0.4627659574468085,0.06060606060606061,0.06060606060606061,0.006060606060606061,0.47878787878787876,2
Tealle Hunkus,1985-01-10,162,0.46296296296296297,72,0.40220483641536275,0.9753086419753086,1.271604938271605,0.32098765432098764,6.820987654320987,1
Ali Wood,2067-12-14,160,0.45625,72,0.3954293628808864,0.65625,0.9875,0.4875,2.76875,1
Jill Muhe,1975-11-02,160,0.48125,68,0.27210246797875665,0.40625,1.2125,0.19375,6.0375,1
Miller Pata,1988-06-11,160,0.39375,69,0.42,0.03125,0.10625,0.0875,0.16875,2
Efi Sfyri,1971-01-08,159,0.4968553459119497,71,0.5042735042735043,0.07547169811320754,0.03773584905660377,0.10062893081761007,0.3270440251572327,2
Linjun Ji,1986-05-03,158,0.5759493670886076,72,0.4785714285714286,0.189873417721519,0.21518987341772153,0.06962025316455696,0.9177215189873418,2
Jana Kohler,1986-01-11,157,0.4267515923566879,70,0.3146853146853147,0.07643312101910828,0.08917197452229299,0,0.3630573248407643,3
Ester Alcon,1970-10-26,156,0.3782051282051282,68,0.4367816091954023,0.00641025641025641,0.019230769230769232,0,0.1987179487179487,2
Megan Wallin-Brockway,1982-09-17,156,0.4551282051282051,74,0.39801790281329924,0.7884615384615384,0.7243589743589743,1.3333333333333333,4.698717948717949,1
Laura Bruschini,2066-08-26,155,0.49032258064516127,69,0.5151515151515151,0,0,0,0.16774193548387098,2
Penny Karagkouni,1993-01-07,154,0.538961038961039,74,0.3431372549019608,0.012987012987012988,0.01948051948051948,0.01948051948051948,0.032467532467532464,4
Vivian Cunha,1980-06-14,154,0.6103896103896104,70,0.424,0.05844155844155844,0.045454545454545456,0.012987012987012988,0.18831168831168832,2
Claire D'Amore,1982-06-04,153,0.48366013071895425,69,0.3265179677819083,0.8496732026143791,1.4052287581699345,0.13725490196078433,8.895424836601308,1
Eva Hamzaoui,1985-02-04,153,0.41830065359477125,70,0.5081967213114754,0.05228758169934641,0.032679738562091505,0.013071895424836602,0.13725490196078433,2
Lucy Boulton,1986-01-02,152,0.3355263157894737,69,0.3548387096774194,0.07894736842105263,0.14473684210526316,0.039473684210526314,0.19736842105263158,2
Teresa Mersmann,1990-04-18,151,0.5298013245033113,72,0.4387755102040816,0.033112582781456956,0.039735099337748346,0.033112582781456956,0.06622516556291391,2
Angela Bryan,1977-07-13,150,0.4266666666666667,69,0.2728825136612022,0.6733333333333333,0.9266666666666666,0.12666666666666668,6.86,1
Natalya Uryadova,1977-03-15,150,0.4266666666666667,71,0.3968253968253968,0.02,0.04666666666666667,0.04,0.07333333333333333,2
Angelica Ljungquist,1974-12-20,149,0.38926174496644295,75,0.42857142857142855,0.026845637583892617,0.06040268456375839,0.0738255033557047,0.2214765100671141,4
Danalee Bragado-Corso,1971-07-09,147,0.5170068027210885,72,0.36496350364963503,0.23809523809523808,0.06802721088435375,0.4217687074829932,0.5034013605442177,4
Erin Byrd,1980-09-19,147,0.48299319727891155,72,0.27003699136868065,0.2653061224489796,0.5850340136054422,0.1360544217687075,4,4
Annamaria Solazzi,2065-12-10,146,0.4726027397260274,69,0.5046728971962616,0.02054794520547945,0,0.03424657534246575,0.22602739726027396,2
Zara Dampney,1986-06-10,146,0.363013698630137,70,0.3609467455621302,0.10273972602739725,0.1780821917808219,0,0.7054794520547946,2
Aurora Davis,1991-07-01,145,0.5379310344827586,69,0.28188833408987746,0.7448275862068966,1.2758620689655173,0.07586206896551724,5.7172413793103445,1
Kelly Reeves,1992-04-08,145,0.5241379310344828,72,0.38544474393531,1.3586206896551725,1.6,0.1103448275862069,9.841379310344827,1
Lara Dykstra,1993-01-12,145,0.593103448275862,69,0.3609022556390977,0.5103448275862069,0.7379310344827587,0.07586206896551724,4.406896551724138,3
Janne Kongshavn,1983-12-30,144,0.2569444444444444,71,0.2890625,0.05555555555555555,0.09722222222222222,0.020833333333333332,0.1388888888888889,4
Angela Knopf,1980-04-27,143,0.43356643356643354,72,0.3445585215605749,0.4965034965034965,0.6923076923076923,0.5104895104895105,5.384615384615385,1
Jace Pardon,1993-06-09,141,0.6028368794326241,70,0.4175397749320916,0.7872340425531915,0.7375886524822695,0.3617021276595745,7.198581560283688,1
Michala Kvapilova,1990-02-08,139,0.4892086330935252,71,0.36231884057971014,0.04316546762589928,0.11510791366906475,0.06474820143884892,0.11510791366906475,2
Muriel Graessli,1987-04-23,139,0.31654676258992803,70,0.22950819672131148,0.09352517985611511,0.1510791366906475,0,0.4172661870503597,3
Ali McColloch,1986-12-16,138,0.4927536231884058,72,0.4172402490986562,0.8115942028985508,1.6376811594202898,1.2463768115942029,4.5144927536231885,1
Jennifer Meredith,1972-11-03,138,0.5434782608695652,71,0.3797761482053261,0.644927536231884,0.42028985507246375,0.5,5.963768115942029,1
Galyna Osheyko,1979-03-23,137,0.40145985401459855,69,0.38461538461538464,0.058394160583941604,0.11678832116788321,0.08029197080291971,0.20437956204379562,2
Angela Lobato,1992-04-22,134,0.41044776119402987,69,0.23711340206185566,0.04477611940298507,0.029850746268656716,0,0.3805970149253731,3
Ying Huang,1992-09-04,134,0.44029850746268656,76,0.36977491961414793,0.13432835820895522,0.26865671641791045,0.21641791044776118,0.09701492537313433,4
Christal Engle,1985-09-23,133,0.518796992481203,74,0.3506860371267151,0.9398496240601504,1.8796992481203008,0.7593984962406015,4.496240601503759,1
Kim Behrens,1992-09-22,133,0.5263157894736842,70,0.25,0,0.03759398496240601,0,0.10526315789473684,3
Anja Gunther,1983-09-05,132,0.44696969696969696,74,0.35585585585585583,0.05303030303030303,0.12121212121212122,0.12121212121212122,0.1590909090909091,4
Shauna Mullin,1984-09-11,132,0.4015151515151515,70,0.3244274809160305,0.06060606060606061,0.29545454545454547,0.13636363636363635,0.3333333333333333,3
Angela Bensend,1989-07-23,131,0.5572519083969466,73,0.41633597883597884,0.8320610687022901,1.3358778625954197,1.618320610687023,3.5419847328244276,1
Carolina Horta,1992-08-20,131,0.549618320610687,71,0.15,0.015267175572519083,0.015267175572519083,0.007633587786259542,0.007633587786259542,3
Olaya Pazo,1983-06-07,131,0.37404580152671757,71,0.38396025550035484,0.6030534351145038,0.8473282442748091,0.48091603053435117,2.8625954198473282,1
Amaranta Navarro,1983-08-11,130,0.38461538461538464,74,0.2967032967032967,0.06923076923076923,0.023076923076923078,0.05384615384615385,0.2,4
Mimi Amaral,1977-11-16,128,0.5859375,72,0.4191033138401559,1.6171875,3.2734375,1.4765625,5.15625,1
Patti Cook,1981-10-21,128,0.4921875,72,0.3363782912412681,0.9453125,1.5625,0.6015625,4.234375,1
Rimke Braakman,1991-03-22,127,0.41732283464566927,71,-0.03125,0.007874015748031496,0.031496062992125984,0,0.05511811023622047,3
Wendy Stammer,2065-02-11,127,0.5275590551181102,72,0.374578177727784,0.5905511811023622,0.7244094488188977,1.1653543307086613,4.086614173228346,1
Anni Schumacher,1988-07-27,125,0.448,71,0.23809523809523808,0.008,0.048,0.008,0.064,4
Brittany Tiegs,1991-09-30,125,0.552,69,0.4047118216238957,0.808,1.144,0.208,6.568,1
Jana Vollmer,1973-05-05,125,0.512,73,0.5,0.048,0,0.032,0.184,2
Karissa Cook,1991-04-08,125,0.616,71,0.418319966230477,1.152,1.648,1.12,5.104,1
Alexandra Fonseca,1970-10-07,124,0.5806451612903226,67,0.5697674418604651,0.06451612903225806,0,0.008064516129032258,0.14516129032258066,2
Nicole Laird,1993-02-18,122,0.4426229508196721,75,0.5263157894736842,0.04918032786885246,0.09836065573770492,0.03278688524590164,0.09016393442622951,2
Rosalinda Masler,1982-09-26,122,0.4262295081967213,71,0.32037815126050423,0.6311475409836066,0.9426229508196722,0.5245901639344263,3.9344262295081966,1
Ann Windes,1975-11-12,120,0.4583333333333333,69,0.3109579100145138,0.6583333333333333,1.3,0.058333333333333334,10.275,1
Miki Ishii,1989-11-07,119,0.5294117647058824,68,0.39285714285714285,0.025210084033613446,0.07563025210084033,0.01680672268907563,0.2184873949579832,2
Sarah Sponcil,1996-08-16,119,0.6638655462184874,70,0.41954022988505746,0.37815126050420167,0.5042016806722689,0.025210084033613446,4.201680672268908,2
Wenhui You,1979-10-20,119,0.5126050420168067,70,0.4838709677419355,0.12605042016806722,0.14285714285714285,0.14285714285714285,1.319327731092437,2
Andrea Ahmann,2068-11-19,118,0.5169491525423728,66,0.3956043956043956,0.059322033898305086,0,0,0.2711864406779661,3
Kerri Schuh,1988-09-15,117,0.49572649572649574,72,0.40719588806396345,1.0683760683760684,1.6666666666666667,0.8803418803418803,3.1538461538461537,1
Tara Kuk,1977-10-31,117,0.47863247863247865,72,0.3401869158878505,0.8717948717948718,1.1282051282051282,0.8376068376068376,4.863247863247863,1
Bree Scarbrough,1993-05-16,116,0.5431034482758621,73,0.3097040605643496,0.7586206896551724,1.7844827586206897,1.1637931034482758,2.7844827586206895,1
Liz Masakayan,2064-12-31,116,0.5948275862068966,68,0.36488340192043894,0.6982758620689655,0.41379310344827586,0.20689655172413793,2.4655172413793105,3
Raquel Ferreira,1982-08-10,116,0.49137931034482757,72,0.34146341463414637,0.646551724137931,1.3275862068965518,0.3706896551724138,9.077586206896552,1
Megumi Murakami,1985-09-14,115,0.5043478260869565,65,0.25471698113207547,0.10434782608695652,0.0782608695652174,0.008695652173913044,0.26956521739130435,3
Sara Johnson,1982-04-26,115,0.43478260869565216,73,0.37062205959226346,0.40869565217391307,0.4956521739130435,1.017391304347826,4.965217391304348,1
Tiffany Rodriguez,1971-06-22,115,0.5130434782608696,72,0.30631868131868134,0.2956521739130435,0.5304347826086957,0.40869565217391307,1.8434782608695652,4
Ella Vakhidova,1976-12-08,114,0.49122807017543857,72,0.2946210268948655,0.9385964912280702,1.3157894736842106,0.19298245614035087,4.947368421052632,1
Gracie Santana-Baeni,1970-09-01,114,0.49122807017543857,71,0.3424159854677566,0.9385964912280702,0.7105263157894737,0.5,2.5350877192982457,1
Deborah Giaoui,1980-05-13,113,0.3274336283185841,72,0.3082706766917293,0.035398230088495575,0.07079646017699115,0.017699115044247787,0.23008849557522124,4
Sarah Day,1989-07-14,113,0.4424778761061947,70,0.35807860262008734,1.0353982300884956,2.1238938053097347,0.5929203539823009,5.433628318584071,1
Josemari Alves,1979-01-31,112,0.5625,68,0.14285714285714285,0,0.017857142857142856,0,0.16964285714285715,3
Lynne Galli,1980-09-10,111,0.4594594594594595,70,0.3167062549485352,0.5315315315315315,0.4954954954954955,0.05405405405405406,4.036036036036036,3
Karolina Marciniak,1988-03-18,110,0.35454545454545455,71,0.4042735042735043,0.7727272727272727,1.3272727272727274,1.0454545454545454,1.2818181818181817,1
Logan Tom,1981-05-25,109,0.5321100917431193,73,0.36922517279010547,1.926605504587156,4.110091743119266,1.8990825688073394,7.743119266055046,1
Meri-de Goltz,1977-12-05,109,0.4954128440366973,72,0.267538644470868,0.23853211009174313,0.5688073394495413,0.12844036697247707,1.981651376146789,4
Tereza Tobiasova,1974-04-10,109,0.45871559633027525,70,0.1623931623931624,0.01834862385321101,0.045871559633027525,0.027522935779816515,0.26605504587155965,3
Kimberly Coleman,1976-02-19,108,0.4537037037037037,72,0.290704558910598,0.5,0.5277777777777778,0.8888888888888888,4.092592592592593,1
Laura Bloem,1989-11-07,108,0.37962962962962965,70,0.2564102564102564,0.08333333333333333,0.027777777777777776,0.009259259259259259,0.07407407407407407,3
Briana Hinga,1984-01-29,107,0.4392523364485981,71,0.35795454545454547,0.38317757009345793,0.6542056074766355,0.719626168224299,3.710280373831776,1
Laura Ratto,1978-11-21,107,0.4205607476635514,66,0.2490974729241877,0.028037383177570093,0.06542056074766354,0,1.1401869158878504,3
Lauren Mills,1982-03-24,107,0.48598130841121495,68,0.32078559738134205,0.2336448598130841,0.27102803738317754,0.009345794392523364,1.6635514018691588,3
Linline Matauatu,1991-03-23,107,0.3925233644859813,67,0.24444444444444444,0,0,0,0.1588785046728972,3
Corinne Quiggle,1997-05-11,106,0.6037735849056604,70,0.3791606367583213,0.5188679245283019,0.7264150943396226,0.04716981132075472,6.19811320754717,1
Brooke Langston,1983-08-15,105,0.3904761904761905,73,0.32289628180039137,1.0095238095238095,1.3047619047619048,1.2285714285714286,4.904761904761905,1
Lisa Marshall,1974-05-25,105,0.4095238095238095,70,0.2206703910614525,0.09523809523809523,0.2,0.19047619047619047,0.7523809523809524,3
Margareta Kozuch,1986-10-30,105,0.5238095238095238,74,0.43478260869565216,0.01904761904761905,0.14285714285714285,0.01904761904761905,0.10476190476190476,4
Monica Rodrigues,2067-09-20,105,0.6,71,0.6231884057971014,0.11428571428571428,0,0.05714285714285714,0.3619047619047619,2
Brittany Howard,1994-06-15,103,0.5339805825242718,75,0.44250513347022585,0.7961165048543689,1.0776699029126213,1.5728155339805825,2.262135922330097,1
Katie Spieler,1994-10-27,103,0.5339805825242718,65,0.31070195627157654,1,1.1262135922330097,0.038834951456310676,11.155339805825243,1
Daven Allison,1976-11-13,102,0.3431372549019608,69,0.3326923076923077,0.9803921568627451,1.1568627450980393,0.49019607843137253,6.803921568627451,1
Guylaine Dumont,2067-10-09,102,0.5392156862745098,69,0.5117370892018779,0.08823529411764706,0.09803921568627451,0.14705882352941177,0.7254901960784313,2
Julie Gordon,1991-12-21,102,0.3235294117647059,71,-0.125,0.0196078431372549,0.00980392156862745,0,0.0392156862745098,3
Allie Wheeler,1995-09-09,101,0.5643564356435643,71,0.3609467455621302,0.6534653465346535,1.2475247524752475,0.8910891089108911,2.98019801980198,1
Andrea Peterson,1980-10-13,101,0.40594059405940597,72,0.2948885976408912,0.3069306930693069,0.4158415841584158,0.25742574257425743,2.405940594059406,4
Delaney Knudsen,1995-08-16,101,0.5445544554455446,70,0.35647279549718575,0.37623762376237624,0.7722772277227723,0.40594059405940597,3.1584158415841586,1
Katarzyna Kociolek,1995-03-11,101,0.37623762376237624,69,0.2962962962962963,0.04950495049504951,0.0594059405940594,0,0.22772277227722773,3
Judith Augoustides,1975-04-10,100,0.37,74,0.44680851063829785,0.04,0.09,0.01,0.23,2
Laura Longuet,1988-01-22,100,0.37,70,0.15,0,0,0,0.04,3
Nicolette Martin,1995-03-02,100,0.56,69,0.32157394843962006,0.95,1.38,0.03,5.91,1
Dana Fiume,1979-02-21,97,0.3917525773195876,72,0.33563748079877115,0.5257731958762887,0.979381443298969,0.5567010309278351,3.4123711340206184,1
Svetlana Kholomina,1997-11-09,97,0.5463917525773195,69,0.4,0.08247422680412371,0.10309278350515463,0.020618556701030927,0.23711340206185566,2
Akiko Hasegawa,1985-11-30,96,0.46875,69,0.3,0.020833333333333332,0.0625,0,0.09375,3
Jaimie Lee,1976-04-28,96,0.3645833333333333,70,0.3410560344827586,1.0208333333333333,1.2083333333333333,0.6875,6.104166666666667,1
Kelly Wing,1983-08-13,96,0.4583333333333333,70,0.3400696864111498,1.0625,1.46875,0.14583333333333334,5.802083333333333,1
Anne McArthur,1971-04-05,95,0.4105263157894737,67,0.27089337175792505,0.3473684210526316,0.37894736842105264,0.010526315789473684,1.2736842105263158,3
Barbara Khozam,2065-10-29,94,0.3829787234042553,70,0.30077120822622105,0.6276595744680851,0.7553191489361702,0.24468085106382978,3.797872340425532,1
Chara Harris,1980-04-29,93,0.41935483870967744,69,0.3106301718650541,0.6774193548387096,1.043010752688172,0.10752688172043011,6.365591397849462,1
Elizabeth Maloney,1984-07-26,93,0.41935483870967744,72,0.24299065420560748,0.0967741935483871,0.15053763440860216,0.010752688172043012,0.13978494623655913,4
Ying Zhang,1983-08-15,93,0.4946236559139785,72,0.3618421052631579,0.043010752688172046,0.12903225806451613,0.010752688172043012,0.6236559139784946,4
Christina Roubanis,1983-04-07,92,0.3695652173913043,71,0.2112676056338028,0.10869565217391304,0.31521739130434784,0.043478260869565216,2.641304347826087,3
Azusa Futami,1992-05-15,91,0.4835164835164835,71,0.11764705882352941,0,0.054945054945054944,0.02197802197802198,0.03296703296703297,3
Kristin Ursillo,1982-08-22,91,0.4835164835164835,69,0.23043478260869565,0.07692307692307693,0.18681318681318682,0.03296703296703297,0.9340659340659341,3
Leilani Kamahoahoa,1979-11-12,91,0.4835164835164835,69,0.2717391304347826,0.23076923076923078,0.34065934065934067,0.03296703296703297,2.21978021978022,3
Sara Fredrickson,1981-05-15,91,0.3956043956043956,71,0.24528301886792453,0.15384615384615385,0.2087912087912088,0.12087912087912088,0.5714285714285714,4
Tanja Huberli,1992-08-27,91,0.5384615384615384,75,0.2077922077922078,0.01098901098901099,0.07692307692307693,0.12087912087912088,0.10989010989010989,4
Anna Vozakova,1989-02-27,90,0.4666666666666667,69,0.4479166666666667,0.15555555555555556,0.12222222222222222,0,1.2777777777777777,2
Krystal Jackson,1982-02-22,90,0.5111111111111111,69,0.16962025316455695,0.17777777777777778,0.2222222222222222,0.044444444444444446,1.6666666666666667,3
Ieva Dumbauskaite,1994-09-07,89,0.34831460674157305,72,0.2898550724637681,0.0449438202247191,0.07865168539325842,0,0.06741573033707865,4
Jessyka Ngauamo,1995-12-03,89,0.47191011235955055,70,0.2,0.11235955056179775,0.14606741573033707,0.033707865168539325,0.06741573033707865,3
Kristen Batt-Rohr,1981-04-17,89,0.48314606741573035,72,0.36130790190735695,0.4606741573033708,0.651685393258427,0.5730337078651685,4.51685393258427,1
Mary Baily,2061-09-09,88,0.4772727272727273,70,0.3118609406952965,0.25,0.4772727272727273,0.20454545454545456,3.75,3
Sarah Schmocker,1984-04-01,87,0.3563218390804598,70,0.37209302325581395,0.09195402298850575,0.16091954022988506,0.034482758620689655,0.13793103448275862,2
Kristi Martin,1979-01-09,86,0.3953488372093023,69,0.1342685370741483,0.22093023255813954,0.3953488372093023,0,2.244186046511628,3
Johanna Lehman,1977-09-27,85,0.3411764705882353,72,0.2565789473684211,0.08235294117647059,0.09411764705882353,0.03529411764705882,0.2823529411764706,4
Kelly Schumacher,1977-10-14,85,0.49411764705882355,77,0.36633663366336633,0.6705882352941176,0.7764705882352941,1.3764705882352941,3.164705882352941,1
Kim Whitney,1977-04-04,85,0.5411764705882353,73,0.37037037037037035,0.6352941176470588,1.4705882352941178,0.3764705882352941,5.258823529411765,1
Roos Van der Hoeven,1985-01-23,85,0.43529411764705883,69,0.2524271844660194,0.011764705882352941,0.011764705882352941,0,0.2,3
Falyn Fonoimoana,1992-03-13,84,0.5476190476190477,76,0.47368421052631576,0.6666666666666666,1.119047619047619,0.9404761904761905,1.7142857142857142,1
Franci Van Zwieten,1972-01-15,84,0.47619047619047616,66,0.277992277992278,0.4880952380952381,0.4880952380952381,0.023809523809523808,1.1785714285714286,3
Gretchen Duffner-Hand,1978-04-08,84,0.42857142857142855,73,0.20921985815602837,0.25,0.30952380952380953,0.08333333333333333,1.8452380952380953,4
Kerri Eich,1976-02-26,84,0.39285714285714285,70,0.2534246575342466,0.2857142857142857,0.4880952380952381,0.2261904761904762,2.5595238095238093,3
Jeannette Hecker,1978-04-25,83,0.4939759036144578,69,0.22686945500633712,0.21686746987951808,0.20481927710843373,0.08433734939759036,4.469879518072289,3
Kathryn Piening,1984-05-08,83,0.43373493975903615,72,0.32245131729667814,1.2891566265060241,2.4578313253012047,0.10843373493975904,7.457831325301205,1
Nicki Fusco,1978-07-27,83,0.5180722891566265,70,0.2574712643678161,0.13253012048192772,0.26506024096385544,0.1566265060240964,1.7590361445783131,3
Aline Chamereau,1996-03-06,82,0.43902439024390244,72,0.5714285714285714,0.012195121951219513,0.012195121951219513,0.012195121951219513,0.0975609756097561,2
Anniina Parkkinen,1996-07-30,82,0.4268292682926829,69,0.05128205128205128,0.06097560975609756,0.024390243902439025,0.012195121951219513,0.18292682926829268,3
Michelle Stiekema,1989-11-21,82,0.3902439024390244,69,0.37305699481865284,0.12195121951219512,0.17073170731707318,0,0.7560975609756098,2
Michelle Hughes,1969-11-07,81,0.35802469135802467,67,0.22566371681415928,0.5185185185185185,0.2345679012345679,0.1728395061728395,0.7901234567901234,3
Sarah White,1973-10-19,80,0.4625,75,0.24213836477987422,0.0625,0.1625,0.2125,0.9875,4
Angie Hall,1978-06-20,79,0.46835443037974683,70,0.30417495029821073,0.3037974683544304,0.4810126582278481,0.06329113924050633,1.7341772151898733,3
Terese Cannon,1995-10-01,79,0.569620253164557,75,0.43249258160237386,0.9620253164556962,1.9367088607594938,1.240506329113924,2.6455696202531644,1
Gabriela Roney,1977-08-01,78,0.5128205128205128,71,0.2524271844660194,0.2564102564102564,0.4358974358974359,0.14102564102564102,2.269230769230769,4
Iwona Lodzik,1980-05-10,78,0.46153846153846156,73,0.31859756097560976,0.6153846153846154,0.9871794871794872,0.20512820512820512,3.051282051282051,1
Katrien Gielen,1990-10-26,78,0.44871794871794873,71,0.35658914728682173,0.07692307692307693,0.15384615384615385,0,0.4358974358974359,2
Olga Matveeva,1975-12-20,78,0.34615384615384615,69,0.203125,0,0.038461538461538464,0.01282051282051282,0.28205128205128205,3
Laryssa Mereszczak,1982-08-23,77,0.36363636363636365,67,0.27086614173228346,0.23376623376623376,0.5194805194805194,0.012987012987012988,2.6233766233766236,3
Branagan Fuller,1988-07-29,76,0.4342105263157895,70,0.31620553359683795,0.9473684210526315,1.1973684210526316,0.18421052631578946,4.9605263157894735,1
Danielle Remmers,1989-07-03,76,0.4473684210526316,70,0.35135135135135137,0.07894736842105263,0.10526315789473684,0.07894736842105263,0.17105263157894737,2
Agnieszka Pregowska,1986-08-18,75,0.3333333333333333,71,0.2440944881889764,0.06666666666666667,0.28,0.04,0.68,4
Kelly Rowe,1976-09-25,74,0.4864864864864865,68,0.2647058823529412,0.25675675675675674,0.5135135135135135,0.06756756756756757,1.9054054054054055,3
Stacy Loyal,1979-08-22,74,0.44594594594594594,75,0.35008665511265163,0.3918918918918919,0.6891891891891891,0.44594594594594594,1.527027027027027,4
Ashley Bowles,1980-06-03,73,0.4657534246575342,72,0.3804143126177024,1.1917808219178083,0.9315068493150684,1.0410958904109588,2.767123287671233,1
Jennifer Dalhausser,1981-12-06,71,0.4084507042253521,70,0.2125,0.08450704225352113,0.14084507042253522,0.028169014084507043,0.9014084507042254,3
Lenka Urbanova,1978-07-30,71,0.5211267605633803,72,0.2684049079754601,0.15492957746478872,0.4084507042253521,0.11267605633802817,2.8450704225352115,4
Alexa Strange,1994-06-10,70,0.5428571428571428,72,0.28314917127071826,0.6,0.7285714285714285,0.02857142857142857,4.371428571428571,1
Erin Gray,1976-10-31,70,0.4857142857142857,71,0.33899905571293676,1.0285714285714285,2,0.24285714285714285,4.871428571428571,1
Cindie Boosin,1982-11-11,69,0.463768115942029,66,0.20434227330779056,0.3188405797101449,0.7246376811594203,0.014492753623188406,5.565217391304348,3
Jean Mathews,NA,69,0.37681159420289856,69,0,0.014492753623188406,0.014492753623188406,0,0.18840579710144928,3
Linda Hanley,2060-06-08,69,0.5652173913043478,69,0.4,0.4927536231884058,0,0.5797101449275363,0.6811594202898551,2
Anouk Verge-Depre,1992-02-11,68,0.5294117647058824,73,0.5535714285714286,0.014705882352941176,0.10294117647058823,0.04411764705882353,0.5294117647058824,2
Carol Welcher,1981-04-18,68,0.4117647058823529,74,0.20809248554913296,0.4852941176470588,0.6617647058823529,0.38235294117647056,1.8529411764705883,4
Claudia Lehmann,1985-10-05,68,0.39705882352941174,71,0.2682926829268293,0.10294117647058823,0.1323529411764706,0.014705882352941176,0.3235294117647059,4
Jennifer Holdren,1971-04-04,68,0.5,69,0.33105335157318744,0.5294117647058824,0.5441176470588235,0.5882352941176471,4.235294117647059,1
Aleksandra Wachowicz,1992-06-17,67,0.417910447761194,71,0.16666666666666666,0.014925373134328358,0.05970149253731343,0.014925373134328358,0.029850746268656716,3
JoAnna Papageorgiou,1979-08-24,67,0.417910447761194,72,0.23076923076923078,0.11940298507462686,0.14925373134328357,0.19402985074626866,0.5373134328358209,4
Kristin Schritter,2067-04-13,67,0.31343283582089554,72,0.28703703703703703,0.1791044776119403,0.29850746268656714,0.22388059701492538,1.208955223880597,4
Cinta Preston,1978-10-21,66,0.5151515151515151,68,0.29540481400437635,0.24242424242424243,0.2878787878787879,0.42424242424242425,2.0303030303030303,3
Marsha Miller,1969-01-15,66,0.48484848484848486,73,0.2608695652173913,0.4696969696969697,0.13636363636363635,0.803030303030303,0.5151515151515151,4
Stephanie Chapek,1979-08-26,66,0.4696969696969697,75,0.28516377649325625,0.6515151515151515,0.9242424242424242,0.9393939393939394,2.8333333333333335,1
Tanya White,1983-05-16,66,0.3939393939393939,70,0.32432432432432434,0.3939393939393939,0.3181818181818182,0.21212121212121213,2.1818181818181817,3
Gina Kirstein,1975-10-17,65,0.49230769230769234,72,0.2097560975609756,0.13846153846153847,0.35384615384615387,0.2153846153846154,0.676923076923077,4
Holly Reisor,2064-12-15,65,0.4307692307692308,75,0.3508771929824561,0.2153846153846154,0.5230769230769231,0.2153846153846154,1.1076923076923078,4
Mayra Huerta,1970-09-14,65,0.46153846153846156,70,0.5584415584415584,0.03076923076923077,0,0.09230769230769231,0.36923076923076925,2
Nicole Midwin,1978-06-05,65,0.3076923076923077,72,0.18518518518518517,0.015384615384615385,0.09230769230769231,0,0.07692307692307693,4
Laurel Miller,1973-10-11,64,0.328125,73,0.2410358565737052,0.375,0.609375,0.234375,1.0625,4
Norisbeth Agudo,1992-05-22,64,0.265625,67,0.3656716417910448,0.046875,0.015625,0,0.828125,3
Dana Rothman,1975-12-27,63,0.5079365079365079,70,0.2403846153846154,0.19047619047619047,0.30158730158730157,0.20634920634920634,0.47619047619047616,3
Heike Jensen,1984-10-27,63,0.38095238095238093,73,0.17391304347826086,0.031746031746031744,0.14285714285714285,0.015873015873015872,0.07936507936507936,4
Niina Ahtiainen,1997-04-11,63,0.38095238095238093,72,0.34285714285714286,0.031746031746031744,0.14285714285714285,0,0.09523809523809523,4
Traci Morin,1978-11-02,62,0.3387096774193548,74,0.17796610169491525,0.27419354838709675,0.5161290322580645,0.14516129032258066,1.0806451612903225,4
Erin Galli,2066-10-20,60,0.31666666666666665,70,0.27380952380952384,0.5166666666666667,0.11666666666666667,0.5,1.3,3
Valeria Rosso,1981-10-24,60,0.4,72,0.2549019607843137,0.03333333333333333,0.11666666666666667,0.03333333333333333,0.5333333333333333,4
Amber Willey,1975-01-07,59,0.4067796610169492,73,0.2391304347826087,0.1016949152542373,0.3389830508474576,0.2033898305084746,1.2372881355932204,4
Amy Hvitfeldtsen,1978-10-24,59,0.3389830508474576,73,0.23615160349854228,0.22033898305084745,0.3389830508474576,0.0847457627118644,1.2033898305084745,4
Beata Vaida,1997-08-28,59,0.5254237288135594,71,0.3384615384615385,0.05084745762711865,0.01694915254237288,0.05084745762711865,0.6779661016949152,4
Bre Moreland,1992-10-27,59,0.4745762711864407,71,0.31798245614035087,0.4745762711864407,0.7966101694915254,0.05084745762711865,3.305084745762712,4
Lezana Placette,1997-12-11,58,0.46551724137931033,71,0.3076923076923077,0.017241379310344827,0.05172413793103448,0,0.15517241379310345,4
Nikki Audette,1971-09-29,58,0.3448275862068966,68,0.3698224852071006,0.5344827586206896,0.7413793103448276,0.6551724137931034,4.586206896551724,1
Tarin Locascio,1982-07-29,58,0.4482758620689655,72,0.2857142857142857,0.20689655172413793,0.29310344827586204,0.05172413793103448,0.6724137931034483,4
Helen Reale,2063-11-22,57,0.40350877192982454,70,0.17279411764705882,0.17543859649122806,0.2982456140350877,0.24561403508771928,2.1228070175438596,3
Henriette Iatika,1985-06-19,57,0.3157894736842105,67,0.31746031746031744,0.17543859649122806,0.21052631578947367,0,0.40350877192982454,3
Joy Akins,1978-02-13,57,0.45614035087719296,71,0.2582781456953642,0.08771929824561403,0.10526315789473684,0.10526315789473684,0.6491228070175439,4
Valinda Roche,2064-04-08,57,0.45614035087719296,71,0.3498452012383901,0.12280701754385964,0.15789473684210525,0.22807017543859648,1.4736842105263157,4
Monika Povilaityte,1994-08-30,56,0.32142857142857145,69,0.3333333333333333,0.03571428571428571,0.19642857142857142,0.017857142857142856,0.14285714285714285,3
Summer Nash,1992-05-18,56,0.5,75,0.29961089494163423,0.19642857142857142,0.625,0.25,0.8035714285714286,4
Jessica Stubinski,1986-10-06,55,0.45454545454545453,71,0.30462633451957294,1.3636363636363635,1.7636363636363637,0.10909090909090909,9.8,1
Jessie Cooper,1981-06-15,53,0.4528301886792453,74,0.17647058823529413,0.05660377358490566,0.07547169811320754,0.018867924528301886,0.24528301886792453,4
Svetlana Popova,1988-07-02,53,0.4716981132075472,73,0.10526315789473684,0.018867924528301886,0.07547169811320754,0.11320754716981132,0.1320754716981132,4
Tanya Guerra Arias-Schmocker,1984-04-01,53,0.3018867924528302,70,0.13414634146341464,0.03773584905660377,0.16981132075471697,0.09433962264150944,0.22641509433962265,3
Angelina Grun,1979-12-02,52,0.5192307692307693,73,0.36231884057971014,0.057692307692307696,0.21153846153846154,0.057692307692307696,0.38461538461538464,4
Bonnie Levin,2063-02-09,52,0.3076923076923077,70,0.05747126436781609,0.057692307692307696,0.038461538461538464,0,0.21153846153846154,3
Stine Andreasen,1984-04-12,52,0.28846153846153844,69,0.25,0.038461538461538464,0.11538461538461539,0.019230769230769232,0.28846153846153844,3
Alexia Richard,1996-04-03,51,0.4117647058823529,72,0.09090909090909091,0.0196078431372549,0.0392156862745098,0,0.0392156862745098,4
Ashley Groothuis,1984-09-18,51,0.49019607843137253,73,0.2934609250398724,0.43137254901960786,0.9607843137254902,0.4117647058823529,3.196078431372549,1
Jennifer Lombardi,NA,51,0.27450980392156865,67,0,0,0.0196078431372549,0,0.058823529411764705,3
Kathleen Madden,1973-12-11,51,0.39215686274509803,69,0.22988505747126436,0.19607843137254902,0.058823529411764705,0.0196078431372549,0.7647058823529411,3
Liz Pagano,1971-10-27,51,0.35294117647058826,69,0.2916666666666667,0.7058823529411765,0.27450980392156865,0.37254901960784315,1.196078431372549,3
Lotte Vestergaard,1980-02-12,51,0.23529411764705882,72,0.3333333333333333,0.0784313725490196,0.2549019607843137,0.0196078431372549,0.13725490196078433,4
Romana Kayser,1987-04-27,51,0.39215686274509803,70,0.21739130434782608,0.0392156862745098,0.1568627450980392,0.0196078431372549,0.21568627450980393,3
Alice Rohkamper,1988-09-04,50,0.42,69,0.15151515151515152,0.06,0.2,0,0.56,3
Karen Reitz,1973-06-06,50,0.36,66,0.17183098591549295,0.28,0.46,0.02,2.28,3
Lisa Gathright,1970-12-26,50,0.54,72,0.2625,0.16,0.36,0.16,1.22,4
Meaghan Wheeler,1991-04-24,50,0.38,70,0,0.02,0.06,0.02,0.14,3
Shayna Munson,1981-03-23,50,0.44,74,0.31239935587761675,0.44,1.22,0.32,3.04,1
Meg Dawson,1989-04-22,49,0.3877551020408163,69,0.3477088948787062,0.3673469387755102,0.8367346938775511,0.32653061224489793,2.1020408163265305,3
Morgan Miller,1987-03-30,49,0.3877551020408163,75,0.2956852791878173,0.8979591836734694,2.2448979591836733,1.1020408163265305,4.387755102040816,1
Andrea Galindo,1982-09-02,48,0.2708333333333333,72,0.26436781609195403,0.08333333333333333,0.08333333333333333,0,0.4375,4
Camie Manwill,1987-09-22,48,0.4583333333333333,72,0.3114754098360656,0.0625,0.20833333333333334,0.10416666666666667,0.5208333333333334,4
Marija Milosevic,1986-03-15,48,0.3541666666666667,71,0.25301204819277107,0.10416666666666667,0.08333333333333333,0.041666666666666664,0.2916666666666667,4
Monique Oliver,2066-12-19,48,0.4583333333333333,69,0.4523809523809524,0.25,0.10416666666666667,0.020833333333333332,0.5,2
Vladia Vignato,1975-03-14,48,0.3333333333333333,67,0,0.0625,0.22916666666666666,0,0.7916666666666666,3
Capri Grotowski,1984-04-09,47,0.40425531914893614,70,0.24516129032258063,0.2765957446808511,0.44680851063829785,0,2.297872340425532,3
Chelsea Hayes,1985-03-27,47,0.48936170212765956,69,0.3651685393258427,0.46808510638297873,0.723404255319149,0,4.9787234042553195,3
"Claudia ""Gorda"" Galindo",1987-10-15,47,0.2765957446808511,67,0.24193548387096775,0.10638297872340426,0.1702127659574468,0,0.6595744680851063,3
Kathleen Olsovsky,1982-01-03,47,0.425531914893617,75,0.3015503875968992,0.8936170212765957,1.8936170212765957,1.1702127659574468,5.74468085106383,1
Mariko Coverdale,1984-09-16,47,0.48936170212765956,73,0.3806146572104019,0.46808510638297873,0.7021276595744681,0.6170212765957447,1.6382978723404256,4
Jaimi Gregory,1978-09-02,46,0.41304347826086957,67,0.18691588785046728,0.2826086956521739,0.3695652173913043,0,2.0869565217391304,3
Makalani Hovey,1973-08-08,46,0.43478260869565216,67,0.018518518518518517,0,0.1956521739130435,0,0.9130434782608695,3
Raquel Beson,1971-01-12,46,0.32608695652173914,69,0.2265193370165746,0.13043478260869565,0.13043478260869565,0.021739130434782608,1.326086956521739,3
Traci Weamer,1987-02-20,46,0.43478260869565216,72,0.3599537037037037,0.8043478260869565,1.5,0.9565217391304348,2.5217391304347827,1
Avery Bush,1993-12-04,44,0.4772727272727273,69,0.3274336283185841,0.09090909090909091,0.3409090909090909,0,0.6590909090909091,3
Cindy Phillips,1973-10-17,44,0.38636363636363635,68,0.3308270676691729,0.13636363636363635,0.3409090909090909,0.045454545454545456,1.0227272727272727,3
Colleen Smith,1978-08-12,44,0.38636363636363635,78,0.14634146341463414,0.022727272727272728,0.11363636363636363,0.045454545454545456,0.06818181818181818,4
Jenny Griffith,1970-01-12,44,0.5,71,0.2248995983935743,0.18181818181818182,0.2727272727272727,0,1.1818181818181819,3
Julie Deckert,1969-04-06,44,0.38636363636363635,68,0.15242494226327943,0.8863636363636364,0.6818181818181818,0.13636363636363635,3.909090909090909,3
Michelle Iafigliola,1981-03-07,44,0.3409090909090909,70,0.20249221183800623,0.1590909090909091,0.5454545454545454,0.13636363636363635,1.7954545454545454,3
Annika Granstrom,1971-03-24,43,0.37209302325581395,72,0.5131578947368421,0.16279069767441862,0,0,0.5116279069767442,2
Barbara Carson,NA,43,0.4418604651162791,72,0.2698412698412698,0.11627906976744186,0.27906976744186046,0.13953488372093023,0.32558139534883723,4
Tori Grafeman,1985-10-10,43,0.3023255813953488,72,0.21875,0,0.18604651162790697,0.06976744186046512,0.16279069767441862,4
Wendy Lockhart,2067-09-03,43,0.37209302325581395,68,0.18181818181818182,0.23255813953488372,0.4883720930232558,0.11627906976744186,1.2093023255813953,3
Arcadia Keane,1970-06-03,42,0.3333333333333333,70,0.225,0.14285714285714285,0.09523809523809523,0,0.42857142857142855,3
Hilary Pavels,1989-08-04,42,0.42857142857142855,70,0.28805237315875615,0.30952380952380953,0.35714285714285715,0.023809523809523808,5.666666666666667,3
Kathrin Winkler,1980-02-03,42,0.5238095238095238,70,0.3009478672985782,0.5,0.42857142857142855,0.047619047619047616,4.857142857142857,3
Cheri Fitzner,1970-05-25,41,0.5365853658536586,73,0.33406593406593404,0.3902439024390244,0.7073170731707317,0.5853658536585366,2.1219512195121952,4
Ashley Regner,1975-06-17,40,0.375,64,0.18421052631578946,0,0.075,0,0.5,3
Elsa Binder,1977-04-05,40,0.5,69,0.3305084745762712,0.175,0.525,0.225,1.7,3
Emily Hartong,1992-02-04,40,0.525,74,0.35500878734622143,0.825,1.25,0.725,3.125,1
Michelle Valiente,1998-05-07,40,0.325,67,0.32222222222222224,0.175,0.125,0,0.25,3
Sharman Mitchell,1973-05-23,40,0.3,72,0.30029154518950435,0.95,0.725,0.3,2.5,1
Dana Kabashima,1984-05-28,39,0.4358974358974359,70,0.3167701863354037,0.15384615384615385,0.3333333333333333,0.02564102564102564,2.282051282051282,3
Leigh-Ann Naidoo,1976-07-12,39,0.28205128205128205,72,0.36065573770491804,0.10256410256410256,0.05128205128205128,0.02564102564102564,0.5384615384615384,4
Taylor Nutterfield,1990-12-14,39,0.4358974358974359,69,0.3202614379084967,0.15384615384615385,0.23076923076923078,0.05128205128205128,0.9487179487179487,3
Kaitlin Nielsen,1987-04-01,38,0.42105263157894735,74,0.39070567986230637,0.7368421052631579,0.7631578947368421,0.7105263157894737,2.6315789473684212,1
Katie Lee Carter,1981-03-16,38,0.39473684210526316,72,0.30939226519337015,0.21052631578947367,0.2894736842105263,0.21052631578947367,1.394736842105263,4
Lauren DeTurk,1987-07-21,38,0.47368421052631576,75,0.40119760479041916,0.13157894736842105,0.3157894736842105,0.18421052631578946,0.5263157894736842,4
Mackenzie Brook,1978-10-24,38,0.34210526315789475,70,0,0.02631578947368421,0.05263157894736842,0,0.13157894736842105,3
Jeanette Simenson,1970-09-24,37,0.35135135135135137,70,0.3902439024390244,0.05405405405405406,0.16216216216216217,0.02702702702702703,0.8378378378378378,2
Juliana Evens,1977-07-10,37,0.4864864864864865,68,0.1289198606271777,0.43243243243243246,0.2972972972972973,0.02702702702702703,2.945945945945946,3
Kelly Bruning,1980-03-17,37,0.4864864864864865,70,0.29591836734693877,0.4594594594594595,0.918918918918919,0.1891891891891892,2.891891891891892,3
Olivia Waldowski,1984-03-20,37,0.35135135135135137,74,0.29494949494949496,0.7567567567567568,1,0.35135135135135137,2.918918918918919,1
Ragnhild Aas,1984-01-09,37,0.13513513513513514,70,0.328125,0.05405405405405406,0.02702702702702703,0,0.4864864864864865,3
Cayley Thurlby,1984-08-10,36,0.4166666666666667,69,0.2543859649122807,0,0.1111111111111111,0,0.7777777777777778,3
Jessica Gaffney,1996-05-16,36,0.5833333333333334,73,0.32371794871794873,0.2777777777777778,0.5555555555555556,0.2777777777777778,1.6944444444444444,4
Julie Murphy,1983-06-16,36,0.2777777777777778,71,0.16417910447761194,0.027777777777777776,0.1388888888888889,0,0.3055555555555556,3
Kealani Kimball,1982-09-15,35,0.4857142857142857,70,0.22590361445783133,0.22857142857142856,0.6285714285714286,0.45714285714285713,3.0285714285714285,3
Keegan Featherstone,1983-08-13,35,0.42857142857142855,68,0.14678899082568808,0.2571428571428571,0.4,0,0.9428571428571428,3
Leah DeKok,1986-06-19,35,0.4857142857142857,71,0.3333333333333333,0.11428571428571428,0.6285714285714286,0.2,1.6571428571428573,4
Morgan Martin,1998-03-07,35,0.5428571428571428,73,0.3188976377952756,0.22857142857142856,0.37142857142857144,0.34285714285714286,1.542857142857143,4
Dawn Cline,1980-04-15,34,0.35294117647058826,68,0.08536585365853659,0.058823529411764705,0.17647058823529413,0,0.5588235294117647,3
Gaia Cicola,1977-06-21,34,0.4411764705882353,71,0.4482758620689655,0.11764705882352941,0,0,0.29411764705882354,2
Jess Clausen,1985-12-04,34,0.38235294117647056,73,0.2801857585139319,0.6176470588235294,0.6764705882352942,0.4117647058823529,4.852941176470588,1
Lauren Dickson,1988-02-03,34,0.5294117647058824,72,0.27624309392265195,0.2647058823529412,0.29411764705882354,0.029411764705882353,1.4705882352941178,4
Terri Del Conte,1986-10-21,34,0.47058823529411764,65,0.2589928057553957,0.058823529411764705,0.23529411764705882,0.029411764705882353,1.2941176470588236,3
Anna Behlen,1993-02-21,33,0.6363636363636364,69,0.05263157894736842,0,0.09090909090909091,0,0.30303030303030304,3
Diane Copenhagen,1986-06-28,33,0.48484848484848486,74,0.2631578947368421,0.24242424242424243,0.45454545454545453,0.30303030303030304,1.5151515151515151,4
Jacqui Wood,1987-08-27,33,0.45454545454545453,72,0.3197969543147208,0.21212121212121213,0.5151515151515151,0.2727272727272727,1.0303030303030303,4
Jennifer Solm,1976-11-21,33,0.18181818181818182,69,0.2553191489361702,0.030303030303030304,0.06060606060606061,0,0.42424242424242425,3
McKenna Thibodeau,1995-02-11,32,0.59375,71,0.36231884057971014,0.09375,0.21875,0.03125,0.875,2
Nicole Bateham,1989-03-24,32,0.34375,65,0.13445378151260504,0.21875,0.1875,0,1.6875,3
Katie Lindelow,1993-11-07,31,0.5161290322580645,71,0.3208955223880597,0.2903225806451613,0.3548387096774194,0.12903225806451613,1.903225806451613,4
Teri Van Dyke,2067-07-20,31,0.3548387096774194,68,0.09090909090909091,0.0967741935483871,0.0967741935483871,0,0.5161290322580645,3
Julia Willand,1972-04-06,30,0.3,70,0.3103448275862069,0.03333333333333333,0.26666666666666666,0.06666666666666667,0.7333333333333333,3
Kamila Pavlaskova,2068-04-12,30,0.5666666666666667,72,0.25268817204301075,0.13333333333333333,0.3333333333333333,0.1,1.3,4
Katie Carter,1985-10-10,30,0.5333333333333333,75,0.2631578947368421,0.5333333333333333,0.7333333333333333,0.3,0.7333333333333333,4
Leanne Haarbauer,1978-01-27,30,0.4666666666666667,72,0.2540322580645161,0.06666666666666667,0.4666666666666667,0.16666666666666666,1.8666666666666667,4
Traci Callahan,1987-02-20,30,0.6333333333333333,72,0.3842364532019704,0.5666666666666667,0.9666666666666667,0.4,3.533333333333333,1
Anika Krebs,1993-07-10,29,0.27586206896551724,71,0.12903225806451613,0.06896551724137931,0.13793103448275862,0.034482758620689655,0.06896551724137931,3
Elise Zappia,1996-09-17,29,0.5517241379310345,70,0.2222222222222222,0.13793103448275862,0.13793103448275862,0.034482758620689655,2.8620689655172415,3
Jessica Veris,1984-06-22,29,0.41379310344827586,73,0.22,0.06896551724137931,0.06896551724137931,0.034482758620689655,0.20689655172413793,4
Skylar Caputo,1996-11-29,29,0.6206896551724138,70,0.19571865443425077,0.41379310344827586,0.27586206896551724,0,5.413793103448276,3
Aurora Skarra-Gallagher,1979-10-26,28,0.32142857142857145,70,0.26,0.10714285714285714,0.17857142857142858,0.07142857142857142,0.8928571428571429,3
Charnette Fair,1979-06-29,28,0.42857142857142855,72,0.14893617021276595,0,0.10714285714285714,0.39285714285714285,0.4642857142857143,4
Christina Vucich,1993-09-08,28,0.42857142857142855,76,0.3448275862068966,0.25,0.32142857142857145,0.07142857142857142,1.3571428571428572,4
Elena Salvador,1980-09-10,28,0.42857142857142855,72,0.3333333333333333,0.17857142857142858,0.32142857142857145,0.17857142857142858,0.6785714285714286,4
Jane Chafeh,1989-08-28,28,0.5,72,0.375,0.21428571428571427,0.39285714285714285,0.14285714285714285,0.6071428571428571,4
Jennifer Sharp,1974-02-25,28,0.25,68,0.16666666666666666,0.03571428571428571,0.03571428571428571,0.03571428571428571,0.7142857142857143,3
Majo Orellana,1981-04-08,28,0.4642857142857143,64,0.3211009174311927,0.17857142857142858,0.21428571428571427,0,2.0357142857142856,3
Michelle Lonergan,1986-04-29,28,0.42857142857142855,70,0.23076923076923078,0.03571428571428571,0.21428571428571427,0,1.1071428571428572,3
Susannah Muno,1996-05-13,27,0.7037037037037037,70,0.2989864864864865,0.5555555555555556,1.4814814814814814,0.037037037037037035,10.148148148148149,1
Giseli Gavio,2067-09-06,26,0.5,69,0.5492957746478874,0.19230769230769232,0,0.038461538461538464,0.34615384615384615,2
Kristine Monforte,1992-08-16,26,0.38461538461538464,68,0.2535211267605634,0.15384615384615385,0.38461538461538464,0.038461538461538464,2.3076923076923075,3
Madison Witt,1995-02-11,26,0.6153846153846154,72,0.36220472440944884,0,0.4230769230769231,0.19230769230769232,0.7692307692307693,4
Kimberly Vicknair,1976-03-24,25,0.2,73,0.18,0.04,0.16,0,0.52,4
Sheri Leverrette,1974-06-16,25,0.52,67,0.225,0.28,0.4,0.04,1.16,3
Virginia Zonta,1989-09-30,25,0.28,67,0.46296296296296297,0.2,0.36,0,0.44,2
Yarleen Santiago,1978-01-18,25,0.48,72,0.27559055118110237,0.2,0.24,0.24,1.44,4
Adriana-Maria Matei,1998-05-24,24,0.4166666666666667,69,0.13157894736842105,0.125,0.125,0.08333333333333333,1.3333333333333333,3
Amber Ramga,1978-01-11,24,0.5,74,0.11320754716981132,0.08333333333333333,0.125,0,1,4
Crissy Jones,1996-10-30,24,0.7083333333333334,74,0.34916201117318435,0.25,0.4166666666666667,1.875,3.6666666666666665,1
Jenna Belton,1996-03-05,24,0.5833333333333334,73,0.29577464788732394,0.5416666666666666,0.4166666666666667,0.75,2.0833333333333335,4
Jennifer Bowman,1982-08-02,24,0.4583333333333333,69,0.10365853658536585,0.375,0.3333333333333333,0,2.875,3
Meghan Mannari,1991-04-26,24,0.5833333333333334,69,0.30788804071246817,0.625,1,0.125,7.541666666666667,1
Aleksandra Wolak,1976-12-09,23,0.2608695652173913,73,0.15,0.08695652173913043,0.08695652173913043,0,1.2608695652173914,4
Elodie Li Yuk Lo,1982-09-29,23,0,68,0.20535714285714285,0.08695652173913043,0.2608695652173913,0,1.2173913043478262,3
Natacha Rigobert,1980-10-07,23,0,71,0.2229299363057325,0.30434782608695654,0.5217391304347826,0.13043478260869565,0.7391304347826086,4
Tiffany Marinos,1988-05-04,23,0.391304347826087,69,0.27647058823529413,0.391304347826087,0.34782608695652173,0,2.4347826086956523,3
Amber Walker,1990-04-15,22,0.45454545454545453,68,0.24528301886792453,0.09090909090909091,0.13636363636363635,0,0.5909090909090909,3
Dagmara Szyszczak,1969-04-01,22,0.4090909090909091,68,0.13333333333333333,0.045454545454545456,0.045454545454545456,0,0.6363636363636364,3
Julie Knytych,1984-05-03,22,0.2727272727272727,69,0.26785714285714285,0.09090909090909091,0,0,0.7727272727272727,3
Kristy Hartley,1983-01-26,22,0.4090909090909091,72,0.18867924528301888,0,0.3181818181818182,0.13636363636363635,0.4090909090909091,4
Siri Bjorkesett,1983-02-09,22,0.09090909090909091,70,0.3333333333333333,0.09090909090909091,0.5454545454545454,0.09090909090909091,0.2727272727272727,3
Allie Griffin,1984-07-09,21,0.47619047619047616,72,0.12195121951219512,0,0.19047619047619047,0,0.23809523809523808,4
Ana Richa,2066-12-03,21,0.5238095238095238,69,0.53125,0.09523809523809523,0,0.23809523809523808,0.5714285714285714,2
Evyn Wills,1984-05-06,21,0.42857142857142855,67,0.21666666666666667,0.23809523809523808,0.14285714285714285,0,1.8571428571428572,3
Ginger Schuster,1980-01-19,21,0.3333333333333333,68,0.25,0,0.23809523809523808,0,0.42857142857142855,3
Julie Kolinske,1991-09-08,21,0.42857142857142855,74,0.32075471698113206,0.7142857142857143,1.5714285714285714,1.0476190476190477,2.0476190476190474,1
Richell Squire,1982-09-21,21,0.2857142857142857,69,0.41025641025641024,0.09523809523809523,0.23809523809523808,0.47619047619047616,0.38095238095238093,2
Vitalina Nel,1975-12-11,21,0.19047619047619047,71,0.15294117647058825,0.09523809523809523,0.14285714285714285,0.09523809523809523,0.42857142857142855,3
Kelly Hickam,1977-12-10,20,0.45,70,0.12962962962962962,0.05,0,0.05,0.95,3
Kyra Lancon,1982-07-02,20,0.45,72,0.2878787878787879,0.05,0.1,0.3,0.75,4
Teegan Van Gunst,1995-02-17,20,0.45,72,0.48,0.4,0.6,0.1,1.45,2
