name,birthdate,num_games,overall_record,height,hit_pct,aces_per_game,serve_errors_per_game,blocks_per_game,digs_per_game
Jake Gibb,1976-02-06,1413,0.6871903750884643,79,0.4275849536616391,0.5583864118895966,0.8655343241330502,2.2689313517338996,1.7997169143665959
Phil Dalhausser,1980-01-26,1347,0.7921306607275427,81,0.5029173419773095,0.8864142538975501,1.5330363771343727,2.495916852264291,1.5916852264291017
Todd Rogers,1973-09-30,1253,0.727853152434158,74,0.3962040332147094,0.22905027932960895,0.5434956105347167,0.08619313647246608,5.308858739026337
Sean Rosenthal,1980-06-19,1230,0.6479674796747967,76,0.38760061836984916,0.6707317073170732,1.4739837398373983,0.4073170731707317,5.8325203252032525
Nick Lucena,1979-09-22,1164,0.6529209621993127,73,0.35509385618002565,0.47852233676975947,1.193298969072165,0.06443298969072164,6.358247422680412
Ricardo Santos,1975-01-06,1084,0.7361623616236163,79,0.45364088647670736,0.10793357933579335,0.17988929889298894,0.3348708487084871,0.3339483394833948
John Hyden,1972-10-07,996,0.6365461847389559,77,0.43364592213697073,0.7228915662650602,1.1877510040160641,0.1355421686746988,7.168674698795181
Emanuel Rego,1973-04-15,965,0.7813471502590673,75,0.4525828835774865,0.049740932642487044,0.10984455958549223,0.02383419689119171,0.47461139896373056
Casey Jennings,1975-07-10,841,0.6087990487514863,75,0.3864500306560392,0.38287752675386444,0.5755053507728894,0.089179548156956,8.04756242568371
Pedro Solberg,1986-03-27,799,0.6658322903629537,76,0.46774193548387094,0.016270337922403004,0.0425531914893617,0.1414267834793492,0.1113892365456821
Matt Fuerbringer,1974-01-29,797,0.6373902132998746,80,0.45396300506355275,0.36888331242158096,0.8657465495608532,2.641154328732748,1.7967377666248432
Pablo Herrera,1982-06-29,786,0.6068702290076335,76,0.5316872427983539,0.039440203562340966,0.12849872773536897,0.178117048346056,0.27608142493638677
Marcio Araujo,1973-10-12,771,0.7263294422827496,76,0.42992874109263657,0.04669260700389105,0.11284046692607004,0.010376134889753566,0.364461738002594
Casey Patterson,1980-04-20,758,0.6464379947229552,78,0.45482212194354077,0.7150395778364116,1.3482849604221636,0.41952506596306066,3.742744063324538
Stein Metzger,1972-11-17,758,0.6860158311345647,75,0.42476066548935776,0.3654353562005277,0.6781002638522428,0.23614775725593667,4.992084432717678
Kevin Wong,1972-09-12,754,0.6193633952254642,79,0.4027777777777778,0.4973474801061008,0.9270557029177718,2.2254641909814326,2.6949602122015914
Sean Scott,1973-06-29,752,0.6502659574468085,77,0.4214447252893442,0.5957446808510638,1.0186170212765957,2.6316489361702127,2.9069148936170213
Aleksandrs Samoilovs,1985-04-06,736,0.6086956521739131,77,0.4190919674039581,0.025815217391304348,0.050271739130434784,0.07336956521739131,0.23505434782608695
Clemens Doppler,1980-09-06,710,0.5169014084507042,79,0.48812351543942994,0.07746478873239436,0.15492957746478872,0.05352112676056338,0.24366197183098592
Alison Cerutti,1985-12-07,665,0.7593984962406015,80,0.4448742746615087,0.06315789473684211,0.15639097744360902,0.36541353383458647,0.1443609022556391
Harley Marques,1974-07-06,649,0.6687211093990755,76,0.4522417153996101,0.060092449922958396,0.08936825885978428,0.0030816640986132513,0.26348228043143296
John Mayer,1982-06-11,646,0.5773993808049536,73,0.37565867754547,0.8142414860681114,1.8111455108359134,0.0804953560371517,8.08359133126935
Bruno Oscar Schmidt,1986-10-06,614,0.7149837133550488,73,0.3716475095785441,0.06351791530944625,0.12214983713355049,0.0016286644951140066,0.44788273615635177
Adrian Gavira,1987-09-17,606,0.6287128712871287,76,0.4316807738814994,0.06930693069306931,0.16501650165016502,0.0891089108910891,0.3778877887788779
Ed Ratledge,1976-12-16,599,0.5125208681135225,80,0.41724597991714063,0.46243739565943237,1.5175292153589315,2.988313856427379,2.8797996661101837
Martins Plavins,1985-05-08,595,0.5294117647058824,75,0.40993071593533487,0.03361344537815126,0.06386554621848739,0.018487394957983194,0.5294117647058824
Janis Smedins,1987-07-31,590,0.6593220338983051,75,0.4696485623003195,0.04576271186440678,0.13220338983050847,0.1016949152542373,0.27627118644067794
Jeff Nygaard,1972-08-03,587,0.616695059625213,80,0.4179617336977743,0.4940374787052811,0.9233390119250426,3.020442930153322,2.3662691652470187
Benjamin Insfran,1972-04-14,585,0.6752136752136753,77,0.48494983277591974,0.010256410256410256,0.022222222222222223,0.07179487179487179,0.21367521367521367
Dax Holdren,1972-09-04,561,0.6185383244206774,75,0.3860759493670886,0.43672014260249553,0.661319073083779,0.49019607843137253,6.531194295900178
Billy Allen,1981-10-15,550,0.5618181818181818,74,0.38742857142857146,0.4036363636363636,0.7363636363636363,0.13818181818181818,7.325454545454545
Martin Laciga,1975-01-25,549,0.604735883424408,77,0.4259818731117825,0.0546448087431694,0.09107468123861566,0.07468123861566485,0.06557377049180328
Alexander Horst,1982-12-20,536,0.5055970149253731,73,0.4125,0.05037313432835821,0.12686567164179105,0.005597014925373134,0.47201492537313433
Julius Brink,1982-07-06,535,0.6934579439252336,73,0.4677871148459384,0.07850467289719626,0.19065420560747665,0.001869158878504673,0.4785046728971963
Brad Keenan,1981-08-10,533,0.5666041275797373,80,0.40276012347920825,1.1388367729831144,2.617260787992495,2.7861163227016887,1.320825515947467
Jonas Reckermann,1979-05-26,526,0.6958174904942965,79,0.5397301349325337,0.0817490494296578,0.15019011406844107,0.24524714828897337,0.13688212927756654
Patrick Heuscher,1976-12-22,520,0.5865384615384616,76,0.4605678233438486,0.038461538461538464,0.10961538461538461,0.10961538461538461,0.24423076923076922
Sascha Heyer,1972-07-21,517,0.5512572533849129,80,0.4704724409448819,0.0425531914893617,0.07736943907156674,0.11411992263056092,0.13539651837524178
Grzegorz Fijalek,1987-05-11,511,0.6281800391389433,73,0.483695652173913,0.03718199608610567,0.06653620352250489,0.0019569471624266144,0.3385518590998043
Adam Roberts,1976-01-25,503,0.4731610337972167,73,0.30471887550200805,0.20675944333996024,0.35984095427435386,0.1709741550695825,5.230616302186879
Franco Neto,2066-11-11,499,0.6673346693386774,76,0.6363636363636364,0.01002004008016032,0,0.026052104208416832,0.052104208416833664
Mariano Baracetti,1974-07-12,499,0.6032064128256514,76,0.40229885057471265,0.012024048096192385,0.036072144288577156,0.02004008016032064,0.07615230460921844
Dmitri Barsouk,1980-01-20,496,0.5483870967741935,75,0.4191343963553531,0.02620967741935484,0.004032258064516129,0.012096774193548387,0.21975806451612903
Reinder Nummerdor,1976-09-10,481,0.6632016632016632,76,0.4701086956521739,0.04158004158004158,0.11226611226611227,0.002079002079002079,0.6029106029106029
Matt Olson,1980-01-02,478,0.5585774058577406,74,0.38995098039215687,0.50418410041841,0.7322175732217573,0.8828451882845189,8.981171548117155
Mariusz Prudel,1986-01-21,476,0.5903361344537815,75,0.44419134396355353,0.031512605042016806,0.05042016806722689,0.15756302521008403,0.15546218487394958
Paolo Nicolai,1988-08-06,474,0.6181434599156118,80,0.47671840354767187,0.08438818565400844,0.24261603375527427,0.25949367088607594,0.10970464135021098
Iver Horrem,1977-01-01,471,0.4033970276008493,75,0.41700404858299595,0.01910828025477707,0.09341825902335456,0.012738853503184714,0.16772823779193205
Pedro Cunha,1983-06-10,462,0.6926406926406926,74,0.5097087378640777,0.012987012987012988,0.03896103896103896,0,0.15151515151515152
Mark Williams,1979-01-27,460,0.5782608695652174,79,0.42296167796877465,0.4326086956521739,0.7782608695652173,2.5652173913043477,2.582608695652174
Paul Baxter,1972-02-01,458,0.5065502183406113,77,0.37041978856615004,0.5676855895196506,1.0043668122270741,0.5938864628820961,7.152838427947598
Ty Loomis,1979-05-01,453,0.4966887417218543,75,0.3808778961775345,1.4635761589403973,2.6953642384105962,0.7880794701986755,6.635761589403973
Fabio Luiz Magalhaes,1979-03-13,451,0.6962305986696231,80,0.37789203084832906,0.008869179600886918,0.03547671840354767,0.13082039911308205,0.015521064301552107
Tarjei Skarlund,1978-11-06,451,0.44789356984478934,75,0.41923076923076924,0.03547671840354767,0.10864745011086474,0.013303769401330377,0.22838137472283815
Ryan Doherty,1984-02-02,443,0.5869074492099323,85,0.45765386638611255,0.708803611738149,1.5440180586907448,1.8848758465011286,1.0677200902934538
Theo Brunner,1985-03-17,439,0.5694760820045558,79,0.4298865339327767,0.3439635535307517,0.7699316628701595,2.079726651480638,1.1389521640091116
Rivo Vesik,1980-07-15,438,0.5114155251141552,78,0.4318181818181818,0.0410958904109589,0.06621004566210045,0.0547945205479452,0.1232876712328767
David Klemperer,1980-06-22,437,0.5743707093821511,74,0.3561946902654867,0.02517162471395881,0.06636155606407322,0.002288329519450801,0.2631578947368421
Alexander Brouwer,1989-11-03,435,0.6482758620689655,78,0.5031152647975078,0.0896551724137931,0.20229885057471264,0.0022988505747126436,0.4804597701149425
Jorre Kjemperud,2068-08-31,434,0.49078341013824883,74,0.44329896907216493,0.03917050691244239,0.07834101382488479,0.02534562211981567,0.2695852534562212
Jakub Szalankiewicz,1989-05-03,432,0.4861111111111111,75,0.3486238532110092,0.018518518518518517,0.046296296296296294,0.013888888888888888,0.19907407407407407
Dain Blanton,1971-11-28,430,0.5488372093023256,75,0.3731267029972752,0.6558139534883721,1.3162790697674418,0.28604651162790695,5.32093023255814
Linyin Xu,1986-03-20,430,0.5976744186046512,79,0.40310077519379844,0.044186046511627906,0.08837209302325581,0.17674418604651163,0.13023255813953488
Martin Conde,1971-08-25,429,0.6386946386946387,73,0.46308724832214765,0.002331002331002331,0.013986013986013986,0.002331002331002331,0.06526806526806526
Jonathan Erdmann,1988-03-12,428,0.5607476635514018,76,0.3911917098445596,0.07476635514018691,0.18925233644859812,0.20794392523364486,0.1261682242990654
Fred Souza,1972-05-13,422,0.5734597156398105,79,0.3922449658845066,1.8246445497630333,3.1066350710900474,2.075829383886256,2.514218009478673
Jason Lochhead,1984-03-12,420,0.48333333333333334,70,0.30962643678160917,0.13095238095238096,0.319047619047619,0.002380952380952381,1.2476190476190476
Kay Matysik,1980-06-18,417,0.5611510791366906,75,0.42028985507246375,0.0671462829736211,0.1342925659472422,0.002398081534772182,0.4172661870503597
Robert Meeuwsen,1988-03-21,414,0.6594202898550725,81,0.5507518796992481,0.07729468599033816,0.25120772946859904,0.2632850241545894,0.11352657004830918
Joshua Slack,1976-12-16,413,0.5375302663438256,75,0.5179153094462541,0.053268765133171914,0.08958837772397095,0.07021791767554479,0.10411622276029056
Katsuhiro Shiratori,1976-10-29,409,0.4572127139364303,75,0.3364485981308411,0.017114914425427872,0.08801955990220049,0.0024449877750611247,0.17603911980440098
Daniele Lupo,1991-05-06,407,0.6609336609336609,77,0.48356164383561645,0.029484029484029485,0.11302211302211303,0.009828009828009828,0.4643734643734644
Eric Fonoimoana,1969-06-07,401,0.5885286783042394,75,0.40661848611639406,0.4314214463840399,0.7381546134663342,0.8753117206982544,4.309226932668329
Raul Mesa,1982-04-16,401,0.4613466334164589,75,0.3525835866261398,0.017456359102244388,0.0399002493765586,0.04738154613466334,0.13466334164588528
Mike Lambert,1974-04-14,396,0.7222222222222222,78,0.44601375209068944,0.75,1.8762626262626263,4.26010101010101,2.234848484848485
Aaron Wachtfogel,1981-11-08,388,0.5360824742268041,73,0.36840960974018916,0.9484536082474226,2.966494845360825,0.10824742268041238,9.626288659793815
Ryan Mariano,1976-04-01,385,0.5194805194805194,75,0.3775607432110529,0.948051948051948,1.0857142857142856,0.14805194805194805,10.633766233766234
Ben Saxton,1988-11-21,383,0.5143603133159269,79,0.45918367346938777,0.06527415143603134,0.21409921671018275,0.19321148825065274,0.20365535248041775
Larry Witt,1979-07-13,382,0.581151832460733,78,0.40863072639838016,0.6910994764397905,1.5628272251308901,1.8193717277486912,4.861256544502618
Evandro Goncalves,1990-07-17,381,0.6482939632545932,83,0.4869281045751634,0.12073490813648294,0.2204724409448819,0.12073490813648294,0.2230971128608924
Penggen Wu,1982-05-07,377,0.5862068965517241,78,0.4260869565217391,0.01856763925729443,0.07427055702917772,0.015915119363395226,0.38992042440318303
Anthony Medel,1978-03-28,372,0.5188172043010753,75,0.3649154657891751,1.3333333333333333,2.4731182795698925,0.3279569892473118,7.553763440860215
Tri Bourne,1989-06-20,370,0.6378378378378379,77,0.430849601319769,0.3918918918918919,1.0513513513513513,1.3405405405405406,1.1945945945945946
Konstantin Semenov,1989-06-09,368,0.6005434782608695,83,0.5360824742268041,0.059782608695652176,0.1793478260869565,0.25815217391304346,0.07880434782608696
Stafford Slick,1985-01-04,367,0.5231607629427792,80,0.4284077892325315,0.5912806539509536,1.5040871934604905,1.8692098092643052,1.5803814713896458
Kristjan Kais,1976-03-03,365,0.5260273972602739,74,0.40273037542662116,0.024657534246575342,0.043835616438356165,0.00821917808219178,0.2410958904109589
Kirk Pitman,1981-12-13,363,0.4628099173553719,76,0.3021978021978022,0.011019283746556474,0.01928374655647383,0.07713498622589532,0.07713498622589532
Richard Schuil,1973-05-02,363,0.6666666666666666,80,0.5019762845849802,0.08539944903581267,0.2066115702479339,0.18181818181818182,0.1046831955922865
Eric Koreng,1981-05-16,362,0.5718232044198895,76,0.32432432432432434,0.022099447513812154,0.13535911602209943,0.212707182320442,0.06629834254143646
Kevin Ces,1980-07-21,362,0.4558011049723757,76,0.39880952380952384,0.022099447513812154,0.04696132596685083,0.0027624309392265192,0.1298342541436464
Christiaan Varenhorst,1990-05-06,361,0.5817174515235457,83,0.4632352941176471,0.036011080332409975,0.12465373961218837,0.1440443213296399,0.0886426592797784
Jose Loiola,1970-03-28,361,0.5650969529085873,76,0.37606837606837606,0.5650969529085873,1.3961218836565097,1.03601108033241,3.2326869806094183
"Jorge ""Gia"" Terceiro",1976-07-19,351,0.49572649572649574,75,0.28820960698689957,0.014245014245014245,0.07692307692307693,0,0.23646723646723647
"Renato ""Geor"" Gomes",1981-01-20,350,0.49714285714285716,80,0.359375,0.02,0.06285714285714286,0.12857142857142856,0.037142857142857144
Bill Strickland,1980-12-26,348,0.5689655172413793,81,0.40288511076764555,0.49712643678160917,0.9540229885057471,2.5919540229885056,2.3045977011494254
Emiel Boersma,1980-08-25,347,0.484149855907781,81,0.29444444444444445,0,0.040345821325648415,0.07204610951008646,0.06340057636887608
Alvaro Filho,1990-11-27,346,0.6242774566473989,73,0.4484536082474227,0.02601156069364162,0.046242774566473986,0.011560693641618497,0.3583815028901734
Trevor Crabb,1989-09-15,345,0.6260869565217392,76,0.45768396133359635,0.5014492753623189,0.9652173913043478,1.5391304347826087,2.420289855072464
Bartosz Losiak,1992-05-14,344,0.6075581395348837,75,0.4726027397260274,0.05232558139534884,0.16279069767441862,0.00872093023255814,0.2558139534883721
Vegard Hoidalen,1971-05-10,344,0.4796511627906977,76,0.5508771929824562,0.04941860465116279,0.09883720930232558,0.07267441860465117,0.12790697674418605
Jason Ring,1974-07-21,342,0.5409356725146199,75,0.3815058986814712,0.49707602339181284,1.2690058479532165,1.6637426900584795,5.807017543859649
Piotr Kantor,1992-05-03,340,0.6058823529411764,79,0.45454545454545453,0.047058823529411764,0.08235294117647059,0.12058823529411765,0.08529411764705883
Stefan Windscheif,1987-09-10,334,0.5149700598802395,74,0.4072164948453608,0.014970059880239521,0.09281437125748503,0.0029940119760479044,0.2125748502994012
Albert Hannemann,1970-05-04,333,0.43843843843843844,75,0.3423400779188136,0.6336336336336337,1.117117117117117,0.36036036036036034,8.045045045045045
Chaim Schalk,1986-04-23,330,0.5575757575757576,77,0.42463014794082365,0.19393939393939394,0.41818181818181815,0.01818181818181818,2.584848484848485
Michal Kadziola,1989-05-28,330,0.49393939393939396,76,0.3487394957983193,0.024242424242424242,0.03333333333333333,0.08484848484848485,0.08181818181818182
Christoph Dieckmann,1976-01-07,329,0.6443768996960486,78,0.468,0.0243161094224924,0.03343465045592705,0.1641337386018237,0.12158054711246201
Philip Gabathuler,1982-12-24,325,0.4276923076923077,76,0.4041095890410959,0.052307692307692305,0.08,0.09846153846153846,0.06153846153846154
Canyon Ceman,1972-06-21,322,0.5403726708074534,77,0.3875673961306692,0.5496894409937888,0.9813664596273292,0.2577639751552795,6.425465838509317
Hans Stolfus,1976-12-29,320,0.5375,77,0.406203033201257,1.140625,2.284375,2.090625,4.78125
Juan Virgen,1987-04-09,318,0.5062893081761006,78,0.4675925925925926,0.07547169811320754,0.11320754716981132,0.10377358490566038,0.09433962264150944
Matt Prosser,1978-11-27,317,0.526813880126183,79,0.3531390134529148,0.5772870662460567,1.3533123028391167,2.5078864353312302,2.722397476340694
Yannick Salvetti,1980-08-04,317,0.3943217665615142,78,0.2727272727272727,0.0031545741324921135,0.04100946372239748,0.031545741324921134,0.01892744479495268
Paul Laciga,1970-11-24,314,0.6528662420382165,76,0.6015037593984962,0.022292993630573247,0.041401273885350316,0,0.21656050955414013
Florian Gosch,1980-08-16,312,0.4551282051282051,77,0.30900243309002434,0.016025641025641024,0.038461538461538464,0.16346153846153846,0.11858974358974358
Robin Seidl,1990-01-21,312,0.46474358974358976,75,0.3917525773195876,0.028846153846153848,0.04807692307692308,0.1346153846153846,0.08653846153846154
Mischa Urbatzka,1983-03-29,306,0.545751633986928,75,0.43018867924528303,0.026143790849673203,0.07516339869281045,0.02287581699346405,0.20588235294117646
Alexandr Dyachenko,1980-10-23,305,0.4852459016393443,77,0.41823899371069184,0.029508196721311476,0.05901639344262295,0.013114754098360656,0.21311475409836064
Brent Doble,1970-01-03,305,0.5508196721311476,78,0.3736469909077789,0.32786885245901637,0.5573770491803278,3.00327868852459,3.622950819672131
John Moran,1976-04-19,305,0.5016393442622951,77,0.39322533136966126,0.3016393442622951,0.8655737704918033,1.019672131147541,1.9737704918032788
Markus Bockermann,1986-01-14,304,0.5361842105263158,78,0.4045307443365696,0.07236842105263158,0.16776315789473684,0.08552631578947369,0.14144736842105263
Viacheslav Krasilnikov,1991-04-28,302,0.6788079470198676,77,0.5439330543933054,0.016556291390728478,0.06622516556291391,0.0033112582781456954,0.2947019867549669
Vitor Felipe,1991-03-10,301,0.5681063122923588,76,0.41776315789473684,0.059800664451827246,0.08970099667774087,0.09966777408637874,0.1760797342192691
Alexander Huber,1985-07-25,300,0.46,71,0.3474025974025974,0.013333333333333334,0.07333333333333333,0.006666666666666667,0.29
Peter Gartmayer,1978-02-25,299,0.44481605351170567,76,0.4413793103448276,0.020066889632107024,0.07692307692307693,0.10033444816053512,0.06688963210702341
Mark Heese,1969-08-15,297,0.468013468013468,72,0.5959595959595959,0.020202020202020204,0.04040404040404041,0.016835016835016835,0.25252525252525254
Christopher McHugh,1989-08-31,296,0.44932432432432434,78,0.44933920704845814,0.0472972972972973,0.0945945945945946,0.010135135135135136,0.16216216216216217
Mike Morrison,1979-01-07,294,0.48639455782312924,78,0.3513457556935818,0.38095238095238093,1.1734693877551021,2.173469387755102,2.17687074829932
Premysl Kubala,1973-12-16,294,0.46598639455782315,80,0.4354066985645933,0.02040816326530612,0.06802721088435375,0.11224489795918367,0.11224489795918367
Scott Wong,1978-12-31,294,0.5340136054421769,77,0.37559088955737,0.5986394557823129,1.3979591836734695,2.3843537414965987,5.017006802721088
Ty Tramblie,1980-10-22,294,0.47619047619047616,72,0.2965144820814924,0.6122448979591837,1.3503401360544218,0.07482993197278912,8.054421768707483
Andrew Schacht,1973-05-22,291,0.5429553264604811,76,0.4943820224719101,0.041237113402061855,0.037800687285223365,0.01718213058419244,0.2268041237113402
Markus Egger,1975-02-24,291,0.6082474226804123,75,0.7176470588235294,0.006872852233676976,0,0.003436426116838488,0.13745704467353953
Taylor Crabb,1992-01-26,289,0.6643598615916955,72,0.40777597778292063,0.4463667820069204,0.8373702422145328,0.05190311418685121,6.930795847750865
Rich VanHuizen,1975-11-25,287,0.43205574912891986,81,0.46,0.027874564459930314,0.003484320557491289,0.34843205574912894,0.010452961672473868
Stefan Kobel,1974-02-13,286,0.6328671328671329,75,0.5484949832775919,0.017482517482517484,0.06993006993006994,0.0034965034965034965,0.32517482517482516
Adam Jewell,1975-06-24,285,0.5017543859649123,77,0.3979364758243981,0.8070175438596491,1.9894736842105263,1.105263157894737,5.024561403508772
Russ Marchewka,1982-10-05,285,0.49122807017543857,78,0.32713146595788184,1.1543859649122807,2.456140350877193,1.6421052631578947,2.2035087719298247
Karch Kiraly,2060-11-03,283,0.6713780918727915,74,0.39938036896211804,0.254416961130742,0.3286219081272085,0.3992932862190813,9.060070671378092
Bjorn Berg,1972-01-24,280,0.45,77,0.5274725274725275,0.014285714285714285,0.010714285714285714,0.07857142857142857,0.125
Andy Ces,1982-07-03,279,0.46953405017921146,77,0.27235772357723576,0.03225806451612903,0.10752688172043011,0.0967741935483871,0.17562724014336917
Ruslans Sorokins,1982-03-11,276,0.47101449275362317,77,0.5029239766081871,0.06884057971014493,0.17391304347826086,0.14130434782608695,0.17391304347826086
Alex Ranghieri,1987-06-18,274,0.5547445255474452,78,0.6607142857142857,0.0036496350364963502,0.043795620437956206,0.058394160583941604,0.029197080291970802
Alexey Sidorenko,1983-08-26,274,0.4562043795620438,78,0.4166666666666667,0.014598540145985401,0.08394160583941605,0.06934306569343066,0.058394160583941604
Matteo Ingrosso,1988-02-12,271,0.4870848708487085,75,0.46808510638297873,0,0.01107011070110701,0,0.08118081180811808
Adrian Carambula,1988-03-16,267,0.5842696629213483,72,0.4343373493975904,0.1760299625468165,0.5880149812734082,0.018726591760299626,2.8726591760299627
Jeremy Casebeer,1989-01-03,267,0.5318352059925093,77,0.3944575471698113,1.3745318352059925,3.1385767790262173,2.655430711610487,2.067415730337079
Ahren Cadieux,1975-04-06,264,0.4015151515151515,76,0.3191489361702128,0.003787878787878788,0.045454545454545456,0,0.125
Conrad Leinemann,1971-04-02,264,0.4431818181818182,75,0.5510204081632653,0.011363636363636364,0,0.011363636363636364,0.03787878787878788
Lars Fluggen,1990-05-24,262,0.5534351145038168,76,0.4968553459119497,0.03816793893129771,0.09541984732824428,0.007633587786259542,0.21755725190839695
Sam Schachter,1990-05-08,260,0.5,78,0.4117647058823529,0.057692307692307696,0.15,0.04230769230769231,0.4269230769230769
Jeff Carlucci,1975-01-27,258,0.49224806201550386,78,0.3365710413372487,0.8875968992248062,2.503875968992248,1.5387596899224807,2.8333333333333335
Kentaro Asahi,1975-09-19,258,0.43023255813953487,78,0.44390243902439025,0.01937984496124031,0.027131782945736434,0.10465116279069768,0.023255813953488372
Paolo Ingrosso,1988-02-12,257,0.47470817120622566,75,0.40350877192982454,0.0038910505836575876,0.007782101167315175,0.054474708171206226,0.0311284046692607
AJ Mihalic,1976-05-06,256,0.4921875,76,0.3712737127371274,0.27734375,0.89453125,1.34375,2.07421875
Jan Schnider,1983-01-07,255,0.45098039215686275,77,0.33992094861660077,0.027450980392156862,0.12156862745098039,0.03529411764705882,0.2235294117647059
Lombardo Ontiveros,1983-11-09,253,0.525691699604743,74,0.44571428571428573,0.023715415019762844,0.08695652173913043,0.003952569169960474,0.39920948616600793
Pedro Brazao,1979-11-27,251,0.5139442231075697,77,0.364240790655885,1.203187250996016,2.3784860557768925,0.450199203187251,7.414342629482071
Avery Drost,1986-09-07,250,0.504,77,0.38459831335996447,0.772,1.728,1.6,3.32
Francisco Alvarez,1969-04-12,250,0.536,72,0.5609756097560976,0.016,0.008,0.004,0.228
Jefferson Bellaguarda,1976-09-12,250,0.556,76,0.4375,0.028,0.068,0,0.26
Miguel Maia,1971-04-23,248,0.4274193548387097,71,0.41,0.016129032258064516,0.05241935483870968,0,0.2661290322580645
Sebastian Dollinger,1984-05-11,248,0.4838709677419355,81,0.441025641025641,0.05241935483870968,0.16129032258064516,0.18548387096774194,0.06048387096774194
Hannes Brinkborg,1978-07-09,247,0.43724696356275305,78,0.3763440860215054,0.012145748987854251,0.05668016194331984,0.008097165991902834,0.18218623481781376
Yaroslav Koshkarev,1985-05-21,247,0.5182186234817814,76,0.38484848484848483,0.05668016194331984,0.15789473684210525,0.004048582995951417,0.3441295546558704
Jason Lee,1977-11-17,245,0.42857142857142855,78,0.4215200330441966,0.3795918367346939,0.9877551020408163,1.453061224489796,5.844897959183673
Nikolas Berger,1974-03-18,244,0.5368852459016393,77,0.5546218487394958,0.0778688524590164,0.028688524590163935,0.06557377049180328,0.27459016393442626
Esteban Grimalt,1991-01-09,243,0.5020576131687243,75,0.4788135593220339,0.03292181069958848,0.09465020576131687,0.00823045267489712,0.2716049382716049
Marco Grimalt,1989-07-11,243,0.5020576131687243,77,0.4473684210526316,0.0205761316872428,0.04526748971193416,0.09876543209876543,0.09876543209876543
Steve Grotowski,1982-05-30,242,0.4834710743801653,78,0.4092295957284516,0.4669421487603306,1.1694214876033058,0.9297520661157025,1.6322314049586777
David Fischer,1972-04-09,241,0.5269709543568465,75,0.35462555066079293,0.18672199170124482,0.5809128630705395,0.1991701244813278,2.3734439834024896
Igor Kolodinsky,1983-07-07,238,0.6470588235294118,78,0.45,0.025210084033613446,0.15126050420168066,0.1092436974789916,0.037815126050420166
Tande Ramos,1970-03-20,236,0.711864406779661,78,0.6712328767123288,0.025423728813559324,0,0.025423728813559324,0.0847457627118644
Thiago Santos Barbosa,1982-12-10,236,0.5677966101694916,78,0.25609756097560976,0.0211864406779661,0.0423728813559322,0.05084745762711865,0.05508474576271186
Justin Phipps,1978-05-09,235,0.4851063829787234,74,0.304383788254756,0.1148936170212766,0.3617021276595745,0.02127659574468085,1.476595744680851
Javier Bosma,1969-11-06,233,0.5236051502145923,75,0.6095617529880478,0.008583690987124463,0.017167381974248927,0.004291845493562232,0.33905579399141633
Serguey Prokopyev,1986-08-21,230,0.47391304347826085,76,0.3713355048859935,0.034782608695652174,0.1391304347826087,0,0.5434782608695652
Kjell Schneider,1976-10-04,229,0.5633187772925764,78,0.5135135135135135,0.008733624454148471,0,0.03056768558951965,0.039301310043668124
Riccardo Lione,1972-04-13,229,0.4890829694323144,78,0.2692307692307692,0.013100436681222707,0.026200873362445413,0.034934497816593885,0.021834061135371178
Bo Soderberg,1977-05-06,228,0.4342105263157895,77,0.40463917525773196,0.06140350877192982,0.18421052631578946,0.008771929824561403,0.5219298245614035
Inocencio Lario,1984-02-28,225,0.4088888888888889,77,0.3192307692307692,0.017777777777777778,0.1111111111111111,0.04888888888888889,0.25333333333333335
Brad Torsone,1975-01-14,224,0.48660714285714285,78,0.33908387864366446,0.13839285714285715,0.32142857142857145,1.1339285714285714,0.875
Austin Rester,1982-03-31,222,0.44144144144144143,79,0.37514792899408284,0.8468468468468469,2.4144144144144146,2.2162162162162162,3.189189189189189
Christian Sorum,1995-12-03,220,0.7,76,0.31985294117647056,0.013636363636363636,0.022727272727272728,0.013636363636363636,0.2681818181818182
Sam Pedlow,1987-06-14,220,0.509090909090909,77,0.47572815533980584,0.07272727272727272,0.19090909090909092,0.10454545454545454,0.08181818181818182
Braidy Halverson,1983-03-08,219,0.5205479452054794,77,0.3614844533600802,0.5525114155251142,1.4155251141552512,2.4840182648401825,2.6666666666666665
Grant O'Gorman,1993-11-02,218,0.48623853211009177,74,0.48255813953488375,0.0045871559633027525,0.07339449541284404,0.0045871559633027525,0.4541284403669725
"Gustavo ""Guto"" Carvalhaes",1993-08-20,218,0.6467889908256881,73,0.37662337662337664,0.045871559633027525,0.09174311926605505,0.05504587155963303,0.7568807339449541
Scott Lane,1974-02-21,217,0.3824884792626728,78,0.39869585468095015,1.1290322580645162,1.7741935483870968,1.912442396313364,2.110599078341014
Markus Dieckmann,1976-01-07,216,0.6574074074074074,74,0.5576036866359447,0.023148148148148147,0.013888888888888888,0.004629629629629629,0.3055555555555556
Bjorn Maaseide,2068-03-07,212,0.4056603773584906,78,0.49034749034749037,0.0047169811320754715,0.04716981132075472,0.08490566037735849,0.18396226415094338
Fabien Dugrip,1976-03-29,212,0.42452830188679247,75,0.23295454545454544,0.02358490566037736,0.04716981132075472,0,0.1320754716981132
Michal Bryl,1994-10-09,210,0.6,78,0.3090909090909091,0.01904761904761905,0.02857142857142857,0.014285714285714285,0.02857142857142857
Reid Priddy,1977-10-01,210,0.5619047619047619,76,0.42052469135802467,0.9619047619047619,1.880952380952381,0.44761904761904764,6.59047619047619
Eugenio Amore,1972-02-17,209,0.45933014354066987,76,0.288135593220339,0.009569377990430622,0.0430622009569378,0.004784688995215311,0.03349282296650718
Mike DiPierro,1980-12-10,208,0.46634615384615385,78,0.37062113629673243,0.35096153846153844,0.8173076923076923,0.9230769230769231,4.889423076923077
Mark Burik,1985-08-12,207,0.4830917874396135,75,0.35108048856874413,0.6038647342995169,1.3719806763285025,0.2318840579710145,5.990338164251208
Mike Placek,1982-10-23,207,0.5024154589371981,75,0.3577376821651631,0.42028985507246375,0.7536231884057971,0.07729468599033816,5.932367149758454
Isaac Kapa,1985-07-23,206,0.4223300970873786,79,0.33739837398373984,0.05825242718446602,0.1262135922330097,0.1941747572815534,0.10679611650485436
Oleg Stoyanovskiy,1996-09-26,206,0.6310679611650486,81,0.5277777777777778,0.009708737864077669,0.038834951456310676,0.043689320388349516,0.043689320388349516
Jackson Henriquez,1985-02-28,205,0.43414634146341463,76,0.3048780487804878,0.014634146341463415,0.03414634146341464,0.04390243902439024,0.07317073170731707
Josh Binstock,1981-01-12,205,0.47804878048780486,77,0.3983739837398374,0.04390243902439024,0.13170731707317074,0.1902439024390244,0.375609756097561
Andre Loyola,1994-08-19,204,0.6029411764705882,79,0.43434343434343436,0.0196078431372549,0.024509803921568627,0.06372549019607843,0.28431372549019607
Jesus Villafane,1986-11-19,203,0.4236453201970443,73,0.341991341991342,0.014778325123152709,0.009852216748768473,0,0.35467980295566504
Christian Redmann,1982-03-16,201,0.42786069651741293,74,0.2806451612903226,0.05472636815920398,0.19402985074626866,0,0.4626865671641791
Yury Bogatov,1986-10-21,197,0.47715736040609136,78,0.2982456140350877,0.02030456852791878,0.03553299492385787,0.06091370558375635,0.08121827411167512
Anders Lund Hoyer,1983-09-04,196,0.41836734693877553,78,0.29831932773109243,0.04591836734693878,0.061224489795918366,0.08673469387755102,0.1836734693877551
Joao Brenha,1970-05-06,195,0.4358974358974359,76,0.510752688172043,0.02564102564102564,0.02564102564102564,0.07179487179487179,0.10256410256410256
Kjell Goranson,1970-12-13,195,0.41025641025641024,76,0.21311475409836064,0.020512820512820513,0.06153846153846154,0,0.08205128205128205
Saymon Barbosa,1993-09-08,194,0.6185567010309279,79,0.35805626598465473,0.05154639175257732,0.18041237113402062,0.25773195876288657,0.28865979381443296
Billy Kolinske,1986-08-06,193,0.5492227979274611,78,0.364509394572025,0.19689119170984457,0.5129533678756477,1.6321243523316062,1.4870466321243523
Petr Benes,1974-11-27,193,0.47668393782383417,78,0.49747474747474746,0.06217616580310881,0.25906735751295334,0.04145077720207254,0.5284974093264249
Scott Davenport,1971-09-12,193,0.40414507772020725,72,0.32138338253901305,0.45077720207253885,1.077720207253886,0.23834196891191708,4.430051813471502
Andrea Tomatis,1978-04-09,192,0.3854166666666667,78,0.19540229885057472,0.015625,0.020833333333333332,0.015625,0.036458333333333336
Roman Arkaev,1973-11-02,191,0.44502617801047123,77,0.569620253164557,0.010471204188481676,0,0.02617801047120419,0.020942408376963352
Chad Mowrey,1977-07-19,190,0.42105263157894735,73,0.29896907216494845,0.3105263157894737,0.631578947368421,0.13157894736842105,5.242105263157895
Jon Mesko,1977-03-30,189,0.5026455026455027,78,0.3432926829268293,0.3915343915343915,1.0423280423280423,0.37566137566137564,1.6243386243386244
Maciej Rudol,1993-06-27,188,0.4308510638297872,77,0.2781954887218045,0.03723404255319149,0.06382978723404255,0.07446808510638298,0.047872340425531915
Andreas Scheuerpflug,2067-07-13,187,0.5668449197860963,77,0.49809885931558934,0.0427807486631016,0.06417112299465241,0.03208556149732621,0.35294117647058826
Geir Eithun,1979-11-12,187,0.3850267379679144,78,0.3829787234042553,0.0213903743315508,0.053475935828877004,0.0374331550802139,0.0481283422459893
Julien Prosser,1972-06-11,187,0.5240641711229946,76,0.5306122448979592,0.016042780748663103,0.0481283422459893,0.12834224598930483,0.37967914438502676
Rogerio 'Para' Ferreira,1973-09-13,187,0.6149732620320856,75,0.4785714285714286,0.0053475935828877,0.03208556149732621,0.08021390374331551,0.13903743315508021
Christoph Dressler,1993-08-02,186,0.46774193548387094,78,0.25806451612903225,0,0.03225806451612903,0.016129032258064516,0.03225806451612903
Koichi Nishimura,1973-06-30,184,0.32065217391304346,69,0.30288461538461536,0.005434782608695652,0.04891304347826087,0,0.23369565217391305
Nikita Liamin,1985-10-14,182,0.5879120879120879,80,0.575,0.04395604395604396,0.16483516483516483,0.1813186813186813,0.06043956043956044
Tim Bomgren,1987-06-01,182,0.5494505494505495,76,0.4175202156334232,0.8516483516483516,1.565934065934066,2.318681318681319,5.604395604395604
Daniel Mullner,1990-02-02,180,0.4111111111111111,78,0.3573667711598746,0.05,0.17777777777777778,0.1388888888888889,0.18333333333333332
Alexander Walkenhorst,1988-07-30,179,0.49162011173184356,81,0.35,0,0.03910614525139665,0.0446927374301676,0.0446927374301676
Derek Olson,1984-03-30,179,0.5027932960893855,73,0.3491686460807601,0.24022346368715083,0.6089385474860335,0.03910614525139665,4.681564245810056
Igor Hernandez,1977-01-22,179,0.4301675977653631,75,0.3953488372093023,0.01675977653631285,0.0446927374301676,0.1564245810055866,0.1005586592178771
Kevin McColloch,1984-04-19,178,0.4887640449438202,77,0.36848294786358293,0.6853932584269663,1.8707865168539326,1.0337078651685394,3.0224719101123596
Eyal Zimet,1976-09-01,177,0.4858757062146893,74,0.3396067415730337,0.9322033898305084,1.9774011299435028,0.4689265536723164,6.68361581920904
Matteo Varnier,1976-10-16,176,0.5056818181818182,78,0.3258426966292135,0.005681818181818182,0.03409090909090909,0.005681818181818182,0.21022727272727273
Stefan Gunnarsson,1982-06-29,176,0.42613636363636365,80,0.31862745098039214,0.028409090909090908,0.056818181818181816,0.13636363636363635,0.09659090909090909
Jim Nichols,2066-11-04,174,0.4942528735632184,71,0.2996207332490518,0.13218390804597702,0.1896551724137931,0.10919540229885058,4.931034482758621
Thomas Kunert,1988-09-11,174,0.41954022988505746,75,0.3559322033898305,0.017241379310344827,0.05172413793103448,0,0.09195402298850575
Anders Mol,1997-07-02,171,0.783625730994152,73,0.3816793893129771,0.15204678362573099,0.21052631578947367,0.2631578947368421,0.06432748538011696
Artem Yarzutkin,1996-05-20,169,0.5029585798816568,75,0.4146341463414634,0.005917159763313609,0.023668639053254437,0,0.08875739644970414
Edgars Tocs,1988-11-29,169,0.5266272189349113,77,0.34951456310679613,0.011834319526627219,0.04142011834319527,0.1242603550295858,0.05325443786982249
Simon Dahl,1975-02-06,169,0.4378698224852071,72,0.5454545454545454,0.011834319526627219,0.011834319526627219,0.029585798816568046,0.378698224852071
Stephane Canet,1971-06-07,169,0.378698224852071,76,0.5178571428571429,0.011834319526627219,0.047337278106508875,0.03550295857988166,0.17751479289940827
Scott Hill,1976-04-02,167,0.5568862275449101,75,0.2922272047832586,0.19161676646706588,0.5868263473053892,1.2035928143712575,1.347305389221557
Martin Spinnangr,1987-05-05,166,0.4036144578313253,78,0.36721311475409835,0.060240963855421686,0.18072289156626506,0.10240963855421686,0.08433734939759036
Robert Nowotny,1974-01-27,164,0.4146341463414634,73,0.5,0,0.006097560975609756,0,0.11585365853658537
Matt Heath,1975-01-08,163,0.4233128834355828,78,0.41608996539792387,0.36809815950920244,0.9631901840490797,1.5950920245398772,2.785276073619632
Toms Smedins,1986-04-25,163,0.44785276073619634,75,0.30833333333333335,0.012269938650306749,0.024539877300613498,0.006134969325153374,0.1165644171779141
Daan Spijkers,1987-03-06,162,0.4444444444444444,74,0.21374045801526717,0.012345679012345678,0.037037037037037035,0.006172839506172839,0.3950617283950617
Chip McCaw,1973-03-24,159,0.4276729559748428,76,0.30568882796435914,0.4528301886792453,0.7547169811320755,0.5220125786163522,2.647798742138365
Jason Wight,1979-07-21,159,0.5283018867924528,72,0.2636103151862464,0.18238993710691823,0.5534591194968553,0.050314465408805034,2.1823899371069184
Mathieu Hamel,1972-08-28,159,0.37735849056603776,75,0.504424778761062,0.031446540880503145,0.025157232704402517,0.1509433962264151,0.07547169811320754
Dave McKienzie,1979-07-05,158,0.5506329113924051,75,0.34120521172638435,0.6582278481012658,1.379746835443038,0.5379746835443038,4.8544303797468356
Jeff Minc,1981-03-10,158,0.4810126582278481,75,0.31348444102958123,0.2468354430379747,0.6265822784810127,0.2468354430379747,5.506329113924051
John Garcia-Thompson,1979-06-08,158,0.4240506329113924,75,0.46153846153846156,0.0189873417721519,0.03164556962025317,0.012658227848101266,0.3037974683544304
Dane Jensen,1984-02-15,157,0.5159235668789809,77,0.27412587412587414,0.1337579617834395,0.39490445859872614,0.29936305732484075,2.5095541401273884
Mark Van Zwieten,1987-07-05,156,0.5128205128205128,73,0.34062927496580025,0.3974358974358974,1.0064102564102564,0.09615384615384616,3.448717948717949
Danko Iordanov,1977-07-16,155,0.45161290322580644,77,0.23076923076923078,0.012903225806451613,0.06451612903225806,0.17419354838709677,0.25806451612903225
Vincent Robbins,1980-05-14,153,0.5032679738562091,74,0.32488822652757077,0.1503267973856209,0.9215686274509803,1.0588235294117647,1.6143790849673203
Aaron Boss,1970-11-30,152,0.4407894736842105,78,0.37259010896898576,0.5,0.8618421052631579,2.664473684210526,2.625
Gaston Macau,1974-10-28,152,0.4605263157894737,73,0.3420787083753784,0.5328947368421053,1.0921052631578947,0.16447368421052633,1.6644736842105263
Ivan Mercer,1976-09-19,151,0.4768211920529801,78,0.2787550744248985,0.15894039735099338,0.37748344370860926,0.32450331125827814,0.33112582781456956
John Child,2067-05-04,151,0.5099337748344371,74,0.4953271028037383,0.046357615894039736,0.013245033112582781,0.2052980132450331,0.31788079470198677
Joey Dykstra,1987-10-01,150,0.44666666666666666,77,0.3119556611243072,0.17333333333333334,0.6733333333333333,1.46,1.9533333333333334
Juan Rossell,1969-12-28,150,0.5466666666666666,74,0.6127167630057804,0.04,0.03333333333333333,0.09333333333333334,0.12666666666666668
Oivind Hordvik,1985-06-02,150,0.3,80,0.2972972972972973,0.013333333333333334,0.006666666666666667,0.02,0.006666666666666667
Sebastian Chevallier,1987-07-14,150,0.4266666666666667,76,0.39943342776203966,0.07333333333333333,0.14,0,0.7933333333333333
Jose Salema,1970-05-19,146,0.3835616438356164,75,0.38,0,0.0547945205479452,0.0273972602739726,0.0547945205479452
Mykola Babich,1980-10-16,145,0.3793103448275862,78,0.4626865671641791,0.013793103448275862,0.06896551724137931,0.04827586206896552,0.06206896551724138
Pepe Delahoz,1971-10-22,144,0.5555555555555556,73,0.33153347732181426,0.20833333333333334,0.3333333333333333,0.3263888888888889,1.9513888888888888
Chris Luers,1974-07-30,143,0.4825174825174825,75,0.21428571428571427,0.04895104895104895,0.15384615384615385,0.027972027972027972,0.8391608391608392
Eduardo Bacil,1971-03-11,143,0.5314685314685315,74,0.3269961977186312,0.43356643356643354,0.4825174825174825,0.13286713286713286,3.6503496503496504
Mike Bruning,1969-11-11,143,0.5594405594405595,76,0.29075804776739356,0.2727272727272727,0.5664335664335665,0.8391608391608392,0.8531468531468531
David Smith,1972-02-26,142,0.43661971830985913,75,0.2895927601809955,0.1056338028169014,0.2112676056338028,0.21830985915492956,2.0211267605633805
Jonas Weingart,1986-01-17,142,0.4295774647887324,75,0.32989690721649484,0.056338028169014086,0.13380281690140844,0,0.38028169014084506
Armin Dollinger,1990-09-28,140,0.42857142857142855,80,0.32894736842105265,0.05,0.1,0.1357142857142857,0.12142857142857143
Marty Lorenz,1990-12-28,139,0.5035971223021583,77,0.3677488025545503,0.762589928057554,1.6474820143884892,2.1870503597122304,1.7050359712230216
Raffe Paulis,1986-05-13,139,0.5323741007194245,74,0.2923923006416132,0.19424460431654678,0.7482014388489209,0.04316546762589928,2.7194244604316546
Scott Ayakatubby,2064-09-11,139,0.5323741007194245,76,0.3389513108614232,0.37410071942446044,0.5251798561151079,2.553956834532374,2.4892086330935252
Maddison McKibbin,1990-11-16,138,0.5579710144927537,76,0.36962750716332377,0.7753623188405797,2.152173913043478,2.449275362318841,2.1884057971014492
Antonio Cotrino,1976-11-25,136,0.5,79,0.5423728813559322,0.022058823529411766,0,0.09558823529411764,0.07352941176470588
Sebastian Fuchs,1986-07-24,136,0.39705882352941174,79,0.42105263157894735,0.03676470588235294,0.08823529411764706,0.0661764705882353,0.058823529411764705
George Roumain,1976-03-28,135,0.5555555555555556,78,0.4584221748400853,0.22962962962962963,0.48148148148148145,4.451851851851852,2.674074074074074
Ben Koski,1979-08-07,134,0.5,76,0.35526315789473684,0.5671641791044776,1.8507462686567164,1.8134328358208955,1.7462686567164178
Jody Holden,2068-08-20,134,0.4626865671641791,77,0.6105263157894737,0.022388059701492536,0,0.007462686567164179,0.08955223880597014
Roberto Rodriguez,1986-08-08,134,0.5,75,0.38728606356968215,1.164179104477612,1.6865671641791045,0.07462686567164178,6.2835820895522385
Chase Frishman,1991-05-29,133,0.5639097744360902,72,0.3257386970452118,0.849624060150376,2.293233082706767,0.015037593984962405,9.218045112781954
Carl Henkel,1969-08-16,132,0.48484848484848486,79,0.5631067961165048,0.10606060606060606,0,1.5151515151515151,0.12878787878787878
Brian Lewis,2068-03-22,130,0.5615384615384615,73,0.39497528830313017,1.2153846153846153,1.4538461538461538,0.3153846153846154,6.338461538461538
George Wanderley,1996-09-12,130,0.6153846153846154,76,0.452991452991453,0.015384615384615385,0.06153846153846154,0.038461538461538464,0.35384615384615387
Richard Kogel,1976-12-22,130,0.46153846153846156,75,0.5773195876288659,0.03076923076923077,0,0.03076923076923077,0.1
Kacper Kujawiak,1994-05-02,127,0.4409448818897638,74,0,0.023622047244094488,0.023622047244094488,0,0.10236220472440945
Kevin Dake,1975-11-17,127,0.5669291338582677,76,0.3058161350844278,0.023622047244094488,0.13385826771653545,0.5905511811023622,0.3858267716535433
Seth Burnham,1977-05-31,127,0.49606299212598426,79,0.3040629095674967,0.3228346456692913,0.7007874015748031,0.5590551181102362,0.5984251968503937
Raul Papaleo,1971-10-11,126,0.42857142857142855,73,0.5,0.047619047619047616,0.047619047619047616,0.031746031746031744,0.1111111111111111
Chad Turner,1972-04-14,125,0.432,78,0.35509138381201044,0.224,0.776,3.64,2.848
Jeremie Holmes,1978-10-03,125,0.552,75,0.2715736040609137,0.248,0.768,0.04,3.152
Lucas Wisniakowski,1979-03-13,125,0.464,74,0.23376623376623376,0.056,0.16,0.024,0.488
Thanassis Michalopoulos,1973-09-29,125,0.368,78,0.46153846153846156,0.032,0.04,0.064,0.2
Duncan Budinger,1984-06-15,124,0.5,80,0.37463641652123325,1.0080645161290323,1.8790322580645162,1.2580645161290323,1.7983870967741935
Leonardo Moraes,1980-01-30,124,0.5241935483870968,74,0.2225237449118046,0.04838709677419355,0.3225806451612903,0.24193548387096775,1.4838709677419355
Tony Pray,1976-03-09,124,0.5,76,0.26291079812206575,0.08870967741935484,0.1935483870967742,0.008064516129032258,0.6532258064516129
Bram Ronnes,1978-11-17,123,0.5040650406504065,73,0.36645962732919257,0.06504065040650407,0.21951219512195122,0,0.2764227642276423
Marco Caminati,1992-09-23,123,0.5365853658536586,75,0.37735849056603776,0.04878048780487805,0.032520325203252036,0.008130081300813009,0.2601626016260163
Sergiy Popov,1991-08-06,123,0.5121951219512195,74,0.3392857142857143,0.032520325203252036,0.07317073170731707,0.016260162601626018,0.21138211382113822
Jake Elliott,1975-09-27,122,0.4918032786885246,73,0.31868131868131866,0.2540983606557377,0.45901639344262296,0.36885245901639346,1.8770491803278688
Paul Araiza,1981-10-29,122,0.5655737704918032,73,0.2578397212543554,0.36065573770491804,0.9508196721311475,0.040983606557377046,2.4098360655737703
Ran Kumgisky,1974-08-30,122,0.5491803278688525,73,0.2487352445193929,0.14754098360655737,0.47540983606557374,0.21311475409836064,3.0081967213114753
Miles Evans,1989-11-12,121,0.5785123966942148,76,0.33706070287539935,0.2644628099173554,0.4380165289256198,0.008264462809917356,1.975206611570248
Thomas Kaczmarek,1986-01-04,121,0.39669421487603307,75,0.14953271028037382,0,0.01652892561983471,0,0.15702479338842976
Travis Schoonover,1982-12-10,120,0.49166666666666664,75,0.2699530516431925,0.025,0.225,0.06666666666666667,0.8333333333333334
Curt Toppel,1980-09-19,119,0.48739495798319327,81,0.42289239204934886,0.36134453781512604,0.8907563025210085,1.4873949579831933,1.8907563025210083
Dana Camacho,1977-01-25,119,0.5546218487394958,69,0.2509457755359395,0.18487394957983194,0.6386554621848739,0.05042016806722689,2.9159663865546217
Ramon Hernandez,1972-07-16,117,0.42735042735042733,75,0.4523809523809524,0.017094017094017096,0.017094017094017096,0.017094017094017096,0.1794871794871795
Art Barron,1974-08-17,116,0.5258620689655172,72,0.25,0.08620689655172414,0.35344827586206895,0.04310344827586207,0.6293103448275862
Cole Durant,1991-11-08,116,0.5,78,0.225,0.02586206896551724,0.034482758620689655,0.14655172413793102,0.09482758620689655
Matt Heagy,1980-02-05,116,0.41379310344827586,76,0.3169811320754717,0.02586206896551724,0.1206896551724138,0.0603448275862069,0.43103448275862066
Riley McKibbin,1988-09-09,116,0.5603448275862069,74,0.33646857631466437,0.6293103448275862,1.2758620689655173,0.05172413793103448,6.594827586206897
Gregg Weaver,1982-03-03,114,0.40350877192982454,75,0.28651685393258425,0.19298245614035087,0.4298245614035088,0.017543859649122806,1.9385964912280702
Will Montgomery,1990-01-09,113,0.4247787610619469,74,0.31524789522918617,0.12389380530973451,0.8053097345132744,0.008849557522123894,3.3451327433628317
Brian Corso,1976-03-03,112,0.5892857142857143,78,0.40454545454545454,0.13392857142857142,0.44642857142857145,0.8839285714285714,0.7767857142857143
Robert Kufa,1987-08-28,112,0.38392857142857145,76,0.27007299270072993,0.026785714285714284,0.0625,0.026785714285714284,0.23214285714285715
Sam Boehm,1988-03-04,112,0.4017857142857143,75,0.2289156626506024,0.044642857142857144,0.03571428571428571,0,0.25
Jonathan Acosta,1981-11-17,110,0.44545454545454544,76,0.3336693548387097,0.41818181818181815,1.518181818181818,0.7727272727272727,4.3090909090909095
Andy Witt,1978-03-21,109,0.5688073394495413,78,0.37089715536105033,0.24770642201834864,0.3577981651376147,1.853211009174312,1.348623853211009
Jorg Wutzl,1989-10-04,109,0.41284403669724773,78,0.3308270676691729,0.045871559633027525,0.11926605504587157,0.027522935779816515,0.28440366972477066
Mike Whitmarsh,NA,109,0.6972477064220184,79,0.40671641791044777,0.09174311926605505,0.03669724770642202,3.2752293577981653,1.0091743119266054
Adrian Heidrich,1994-09-18,108,0.49074074074074076,81,0.30612244897959184,0.046296296296296294,0.07407407407407407,0.05555555555555555,0.027777777777777776
Brian Bomgren,1983-10-06,108,0.5185185185185185,75,0.29965277777777777,0.6111111111111112,1.4814814814814814,0.35185185185185186,8.435185185185185
Ian Satterfield,1991-08-08,107,0.5420560747663551,78,0.35864135864135865,0.616822429906542,1.5794392523364487,1.0373831775700935,1.6355140186915889
Chase Budinger,1988-05-22,106,0.5943396226415094,79,0.46089597570235386,0.6320754716981132,1.8018867924528301,1.7075471698113207,1.0188679245283019
Jefferson Santos Pereira,1989-06-08,106,0.46226415094339623,72,0.5,0.02830188679245283,0.10377358490566038,0,0.330188679245283
Steve Van Zwieten,1984-05-22,106,0.46226415094339623,74,0.25,0.08490566037735849,0.18867924528301888,0.03773584905660377,0.29245283018867924
Jake Rosener,1987-06-28,105,0.580952380952381,78,0.3850267379679144,0.22857142857142856,0.45714285714285713,0.24761904761904763,0.7523809523809524
Joao Maciel,1978-05-28,104,0.625,78,0.3961038961038961,0.11538461538461539,0.28846153846153844,0.22115384615384615,0.08653846153846154
Julian Azaad,1990-12-26,104,0.34615384615384615,78,0.425531914893617,0.028846153846153848,0.08653846153846154,0,0.11538461538461539
Reuben Danley,1978-05-26,104,0.5096153846153846,77,0.30726256983240224,0.20192307692307693,0.5480769230769231,0.25961538461538464,0.34615384615384615
Farid Mussa,1984-04-28,103,0.4563106796116505,76,0.4462809917355372,0.019417475728155338,0.11650485436893204,0.009708737864077669,0.2621359223300971
Hudson Bates,1985-03-11,103,0.4854368932038835,77,0.3117249154453213,0.32038834951456313,1.0388349514563107,1.6407766990291262,2.466019417475728
Jeff Murrell,1973-11-01,103,0.42718446601941745,74,0.3939393939393939,0.05825242718446602,0.22330097087378642,0.06796116504854369,0.5145631067961165
Lucas Black,1982-02-25,101,0.49504950495049505,75,0.17100371747211895,0.04950495049504951,0.2079207920792079,0.21782178217821782,0.40594059405940597
Rihards Finsters,1991-05-21,101,0.43564356435643564,76,0.39622641509433965,0,0.0594059405940594,0,0.12871287128712872
Sean Rooney,1982-11-13,100,0.52,81,0.41480206540447506,0.69,1.78,2.93,2.77
Enrico Rossi,1993-06-27,99,0.5252525252525253,77,0.2682926829268293,0,0.030303030303030304,0.06060606060606061,0.09090909090909091
Eric Zaun,1993-06-28,99,0.5353535353535354,75,0.44738424533974747,1.292929292929293,3.080808080808081,0.10101010101010101,6.01010101010101
Everett Matthews,1977-03-29,99,0.47474747474747475,72,0.3548689138576779,0.2727272727272727,0.6565656565656566,0.10101010101010101,4.03030303030303
Martin Reader,1984-05-02,99,0.41414141414141414,79,0.39037433155080214,0.13131313131313133,0.16161616161616163,0.16161616161616163,0.2222222222222222
Andrei Belov,1984-05-15,97,0.4845360824742268,77,0.38382541720154045,0.8556701030927835,2.0412371134020617,0.6907216494845361,0.9587628865979382
Evan Engle,1982-02-28,97,0.4536082474226804,75,0.34,0.26804123711340205,0.4639175257731959,0.3711340206185567,5.051546391752577
Alexey Kuleshov,1987-09-14,96,0.28125,75,0.45,0.020833333333333332,0.09375,0.041666666666666664,0.041666666666666664
Matthias Mellitzer,1980-09-09,95,0.4105263157894737,77,0.21176470588235294,0.031578947368421054,0.11578947368421053,0.30526315789473685,0.10526315789473684
Michal Biza,1978-05-15,94,0.46808510638297873,75,0.15151515151515152,0.010638297872340425,0.11702127659574468,0.010638297872340425,0.22340425531914893
Daniel Dalanhese,1984-12-16,92,0.5760869565217391,74,0.2849162011173184,0.5760869565217391,1.1521739130434783,0.14130434782608695,4.021739130434782
Andrea Raffaelli,1969-12-19,91,0.37362637362637363,74,0.453125,0.01098901098901099,0,0.054945054945054944,0.08791208791208792
Cherif Younousse,1995-05-22,91,0.4945054945054945,77,0.5154639175257731,0.04395604395604396,0.16483516483516483,0.12087912087912088,0.07692307692307693
Piotr Marciniak,1986-10-01,91,0.5384615384615384,78,0.37703703703703706,0.7142857142857143,1.3956043956043955,2.1538461538461537,1.5714285714285714
Chris Guigliano,1974-10-09,90,0.4666666666666667,77,0.2697841726618705,0.34444444444444444,0.2,0.34444444444444444,0.8666666666666667
Chris Magill,1970-09-14,90,0.5666666666666667,71,0.1783783783783784,0.14444444444444443,0.3888888888888889,0.044444444444444446,2.1555555555555554
Chris Harger,1975-02-10,89,0.48314606741573035,82,0.16981132075471697,0.0898876404494382,0.14606741573033707,0.4044943820224719,0.056179775280898875
Maciej Kosiak,1993-02-23,88,0.4318181818181818,73,0.26153846153846155,0.045454545454545456,0.11363636363636363,0,0.4090909090909091
Dmitriy Yakovlev,1988-01-18,87,0.25287356321839083,75,0.3380281690140845,0.022988505747126436,0.14942528735632185,0,0.13793103448275862
Ian Clark,1970-09-02,86,0.4186046511627907,78,0.4,0.872093023255814,0.5581395348837209,1.244186046511628,1.7209302325581395
Maxim Sivolap,1996-06-19,86,0.4883720930232558,75,0.37777777777777777,0.023255813953488372,0.09302325581395349,0.046511627906976744,0.03488372093023256
Oleksiy Kulinich,1980-05-18,86,0.47674418604651164,76,0.18584070796460178,0.03488372093023256,0.046511627906976744,0.023255813953488372,0.13953488372093023
Hendrik Mol,1994-03-10,84,0.47619047619047616,78,0.22413793103448276,0.047619047619047616,0.03571428571428571,0.05952380952380952,0.03571428571428571
Igor Velichko,1995-08-01,84,0.5714285714285714,74,0.48148148148148145,0.03571428571428571,0.03571428571428571,0,0.2619047619047619
Kevin Gregan,1973-06-06,84,0.47619047619047616,74,0.35064935064935066,0.05952380952380952,0.05952380952380952,0,0.20238095238095238
Rhooney Ferramenta,1985-11-07,84,0.6071428571428571,72,0.36134453781512604,0.05952380952380952,0.047619047619047616,0,0.8333333333333334
Sander Mulder,1969-07-19,84,0.4523809523809524,77,0.6666666666666666,0.10714285714285714,0,0.14285714285714285,0.13095238095238096
Yoshiumi Hasegawa,1984-08-23,84,0.2976190476190476,73,0.24615384615384617,0.011904761904761904,0.09523809523809523,0.023809523809523808,0.05952380952380952
Jesse Rambis,1986-01-24,83,0.37349397590361444,72,0.28831350594821553,0.3614457831325301,0.9879518072289156,0,4.963855421686747
Shane Donohue,1987-07-09,83,0.54216867469879515,74,0.24083769633507854,0.18072289156626506,0.39759036144578314,0.12048192771084337,1.144578313253012
Michael Plantinga,1990-05-23,82,0.32926829268292684,79,0.3553299492385787,0.036585365853658534,0.2073170731707317,0.25609756097560976,0.8780487804878049
Mats Kovatsch,1989-06-21,81,0.38271604938271603,77,0.29591836734693877,0,0.037037037037037035,0.13580246913580246,0.04938271604938271
Gabriel Kissling,1992-11-04,80,0.3125,75,0.23684210526315788,0.0125,0.0625,0.0125,0.1375
Jasper Bouter,1996-12-27,80,0.5,75,0.30392156862745096,0.025,0.0375,0,0.55
Vince Zanzucchi,1983-05-15,80,0.35,74,0.2485207100591716,0.0375,0.1125,0,0.4125
Connor Hastings,1986-08-03,78,0.47435897435897434,75,0.2960199004975124,0.16666666666666666,0.6025641025641025,0.038461538461538464,1.1666666666666667
Paul MacDonald,1980-04-03,78,0.48717948717948717,74,0.12269938650306748,0.01282051282051282,0.10256410256410256,0.19230769230769232,0.3717948717948718
Dan Buehring,1985-10-14,77,0.5454545454545454,76,0.25523012552301255,0.15584415584415584,0.33766233766233766,0.06493506493506493,1.3506493506493507
Karl Jaani,1985-12-27,77,0.4025974025974026,75,0.36486486486486486,0,0.07792207792207792,0,0.4675324675324675
Tom Kohler,1987-01-19,77,0.4675324675324675,75,0.17293233082706766,0.06493506493506493,0.11688311688311688,0.09090909090909091,0.2987012987012987
Mike Szymanski,1976-10-18,75,0.52,76,0.19718309859154928,0.08,0.13333333333333333,0.13333333333333333,0.3333333333333333
Nicolas Capogrosso,1995-01-15,73,0.3698630136986301,81,0.32967032967032966,0.0273972602739726,0.136986301369863,0.1643835616438356,0.3150684931506849
Sergio Gonzalez,1990-06-20,73,0.5753424657534246,76,0.5521472392638037,0.0410958904109589,0.0684931506849315,0.3287671232876712,0.1095890410958904
Alika Williams,1975-07-13,72,0.4444444444444444,71,0.3649851632047478,0.4722222222222222,0.1527777777777778,0.4583333333333333,1.6111111111111112
Jim Van Zwieten,1977-09-25,72,0.5,77,0.3737864077669903,0.1388888888888889,0.5416666666666666,0.16666666666666666,0.4861111111111111
Steven VanderWerp,1990-03-30,72,0.5138888888888888,72,0.2238562091503268,0.125,0.3888888888888889,0.013888888888888888,2.6944444444444446
David Wenger,1982-08-31,71,0.38028169014084506,75,0.3563218390804598,0.014084507042253521,0.07042253521126761,0.014084507042253521,0.2535211267605634
Ed Lunnen,1977-06-10,71,0.43661971830985913,76,0.34334763948497854,0.04225352112676056,0.2676056338028169,0.29577464788732394,0.7887323943661971
Oscar Brandao,1985-05-24,71,0.6338028169014085,76,0.29457364341085274,0.11267605633802817,0.14084507042253522,0.014084507042253521,0.6056338028169014
Steve Delaney,1976-03-08,71,0.5070422535211268,77,0.3561643835616438,0.09859154929577464,0.5352112676056338,0.3380281690140845,0.5915492957746479
Alexander Likholetov,1987-03-04,70,0.3,81,0.3333333333333333,0.014285714285714285,0.04285714285714286,0.12857142857142856,0
Bennet Poniewaz,1993-07-06,70,0.35714285714285715,78,0.45098039215686275,0.04285714285714286,0.02857142857142857,0,0.4
Joaquin Acosta,1979-10-01,70,0.5285714285714286,77,0.3708040593286495,0.2571428571428571,0.7857142857142857,1.9,2.1285714285714286
Valeriy Samoday,1991-05-04,70,0.6142857142857143,76,0.4878048780487805,0.04285714285714286,0.17142857142857143,0.22857142857142856,0.08571428571428572
Andrew McGuire,1988-01-27,69,0.4782608695652174,72,0.31208053691275167,0.057971014492753624,0.21739130434782608,0.014492753623188406,1.8840579710144927
Qiang Xu,1978-11-24,69,0.391304347826087,76,0.24,0.057971014492753624,0.17391304347826086,0.028985507246376812,0.5652173913043478
Chris Seiffert,1978-01-06,68,0.5441176470588235,75,0.29387186629526463,0.23529411764705882,0.9411764705882353,0.22058823529411764,3.0588235294117645
Spencer Sauter,1994-08-18,68,0.5441176470588235,80,0.3508771929824561,0.25,0.27941176470588236,0.5882352941176471,0.8676470588235294
Andrew Vazquez,1972-04-20,67,0.44776119402985076,74,0.32793522267206476,0.11940298507462686,0.08955223880597014,0.2537313432835821,0.6417910447761194
Nivaldo Diaz,1994-03-24,67,0.6119402985074627,79,0.6923076923076923,0.16417910447761194,0.34328358208955223,0,0.7164179104477612
Sam Haghighi,1973-01-05,67,0.5373134328358209,75,0.3076923076923077,0.14925373134328357,0.31343283582089554,0.08955223880597014,1.0298507462686568
Aaron Wexler,1983-04-08,66,0.4393939393939394,72,0.22,0.015151515151515152,0.045454545454545456,0,0.19696969696969696
Adam Cabbage,1988-03-19,66,0.5,75,0.3284241531664212,0.4393939393939394,1.3181818181818181,0.045454545454545456,3.5454545454545454
Branden Clemens,1994-06-25,66,0.5909090909090909,79,0.4155339805825243,0.3181818181818182,0.8636363636363636,0.8484848484848485,1.8181818181818181
Kyle Denitz,1981-09-16,66,0.5303030303030303,73,0.26666666666666666,0.19696969696969696,0.5606060606060606,0.09090909090909091,1.121212121212121
Myles Muagututia,1991-03-09,66,0.5909090909090909,74,0.32196969696969696,0.2727272727272727,0.8333333333333334,0.12121212121212122,3.409090909090909
Andrew Fuller,1984-05-09,65,0.4461538461538462,82,0.3601340033500838,0.4,1.2461538461538462,0.9846153846153847,0.9692307692307692
Christian Honer,1995-05-08,65,0.5230769230769231,73,0.25892857142857145,0.1076923076923077,0.23076923076923078,0,1.323076923076923
Brian Soldano,1977-01-26,64,0.46875,73,0.3076923076923077,0.28125,0.140625,0.96875,0.890625
Casey Brewer,1978-04-28,64,0.4375,71,0.20202020202020202,0.03125,0.21875,0,0.375
Dan Fisher,1976-03-19,64,0.453125,78,0.2892561983471074,0.734375,0.40625,0.734375,0.921875
Cesar Menendez,1991-10-25,63,0.4603174603174603,76,0.234375,0.031746031746031744,0.031746031746031744,0.14285714285714285,0.14285714285714285
Fernando Sabla,1975-01-02,63,0.5714285714285714,76,0.12359550561797752,0.031746031746031744,0.047619047619047616,0.031746031746031744,0.3968253968253968
Mike Desjardins,1974-05-23,63,0.5238095238095238,75,0.3669724770642202,0.031746031746031744,0.07936507936507936,0,0.7142857142857143
Alexey Pastukhov,1989-06-28,62,0.3387096774193548,75,0.2777777777777778,0.04838709677419355,0.24193548387096775,0.016129032258064516,0.5645161290322581
Cameron Wheelan,1988-09-19,62,0.41935483870967744,77,0.24615384615384617,0.08064516129032258,0.06451612903225806,0,0.4838709677419355
David Poniewaz,1993-07-06,62,0.4032258064516129,76,0.32075471698113206,0.0967741935483871,0.14516129032258066,0.016129032258064516,0.3387096774193548
Shigetomo Sakugawa,1980-01-20,61,0.5409836065573771,70,0.1044776119402985,0,0.01639344262295082,0,0.4262295081967213
Marcin Jagoda,1980-12-28,60,0.45,75,0.12962962962962962,0.05,0.016666666666666666,0,0.35
Robbie Page,1992-07-10,60,0.45,84,0.36779794790844517,1.4333333333333333,4.05,3.2333333333333334,2.2
Grant Goldschmidt,1983-04-16,59,0.3389830508474576,76,0.35714285714285715,0.01694915254237288,0.0847457627118644,0.0847457627118644,0.1016949152542373
Ihor Akinshyn,2068-01-02,59,0.4915254237288136,74,0.4240506329113924,0.2033898305084746,0.0847457627118644,0.4745762711864407,1.152542372881356
Jon Thompson,1977-04-01,59,0.4915254237288136,78,0.3008130081300813,0.0847457627118644,0.2033898305084746,0.288135593220339,0.4576271186440678
Maurizio Pimponi,1970-09-01,58,0.41379310344827586,75,0.4918032786885246,0.017241379310344827,0,0.08620689655172414,0.1896551724137931
Said Souikane,1971-05-13,58,0.5517241379310345,72,0.26810176125244617,0.15517241379310345,0.25862068965517243,0.06896551724137931,2.6551724137931036
Hagen Smith,1995-04-10,57,0.6491228070175439,73,0.33613445378151263,0,0.2982456140350877,0.017543859649122806,1.0350877192982457
Danny Cook,1981-06-23,56,0.5178571428571429,77,0.17647058823529413,0.03571428571428571,0.10714285714285714,0.08928571428571429,0.375
Jan Hadrava,1991-06-03,56,0.4107142857142857,78,0.3,0.125,0.21428571428571427,0.17857142857142858,0.125
Mat Ogin,1983-06-05,56,0.5178571428571429,80,0.2864583333333333,0.05357142857142857,0.14285714285714285,0.17857142857142858,0.5178571428571429
Matthew McCarthy,1986-08-14,56,0.5714285714285714,80,0.32620320855614976,0.16071428571428573,0.32142857142857145,0.375,0.44642857142857145
Travis Mewhirter,1990-08-29,56,0.5,76,0.4032258064516129,0.32142857142857145,0.6607142857142857,0.5178571428571429,0.8214285714285714
Tyler Hildebrand,1984-02-28,54,0.48148148148148145,76,0.2969230769230769,0.5740740740740741,1.7407407407407407,0.6851851851851852,3.0185185185185186
Tyler Lesneski,1978-09-20,54,0.5185185185185185,72,0.3271375464684015,0.07407407407407407,0.16666666666666666,0.037037037037037035,1.7407407407407407
Alexey Yutvalin,1987-04-19,53,0.39622641509433965,76,0.3670886075949367,0.03773584905660377,0.2641509433962264,0.05660377358490566,0.16981132075471697
Garrett Wilson,1990-06-07,53,0.5283018867924528,80,0.27927927927927926,0.1320754716981132,0.3018867924528302,0.018867924528301886,0.3018867924528302
Jack Quinn,1970-08-08,53,0.4339622641509434,74,0.2545454545454545,0.11320754716981132,0.2641509433962264,0.07547169811320754,0.7547169811320755
Jesse Webster,1981-02-04,53,0.33962264150943394,78,0.21052631578947367,0,0.03773584905660377,0,0.20754716981132076
Jonathan Drake,1989-10-25,53,0.4716981132075472,74,0.2896174863387978,0.03773584905660377,0.3584905660377358,0.3584905660377358,0.5660377358490566
Matt Davis,1974-05-31,53,0.49056603773584906,77,0.34513274336283184,0,0.24528301886792453,0.09433962264150944,0.2830188679245283
Mike Maghy,1987-09-21,53,0.41509433962264153,74,0.2275449101796407,0.05660377358490566,0.16981132075471697,0,1.0566037735849056
Pavel Rotrekl,1983-12-23,53,0.41509433962264153,78,0.3977272727272727,0,0.03773584905660377,0.05660377358490566,0.11320754716981132
Curtis Jackson,1976-12-12,51,0.5098039215686274,74,0.3516237402015677,0.9215686274509803,2.215686274509804,0.3137254901960784,5.666666666666667
Tim Church,1977-12-13,51,0.39215686274509803,77,0.4222222222222222,0.058823529411764705,0.19607843137254902,0.19607843137254902,0.09803921568627451
Andre Melo,1978-11-11,50,0.56,75,0.2895927601809955,0.48,0.72,0.36,0.84
Derek Zimmerman,1974-10-14,50,0.48,74,0.1968503937007874,0.2,0.68,0.2,1.22
Esteban Escobar,1977-07-24,50,0.44,75,0.20634920634920634,0.06,0.12,0,0.28
Hawk Hatcher,1991-08-05,50,0.56,73,0.23076923076923078,0.1,0.16,0.02,1.62
Leon Colina,1982-09-24,50,0.36,74,0.25,0.04,0.22,0.02,0.18
Rico Becker,1972-03-16,49,0.5102040816326531,76,0.232,0.04081632653061224,0.12244897959183673,0.12244897959183673,0.5102040816326531
Joe Cash,1978-06-03,48,0.4791666666666667,76,0.34674922600619196,0.0625,0.4375,0.6041666666666666,1.3541666666666667
William Chenoweth,1984-05-17,48,0.4791666666666667,75,0.35958005249343833,0.2916666666666667,0.6875,0.3125,1.5208333333333333
Brian Duff,1975-04-23,47,0.3617021276595745,77,0.27586206896551724,0.02127659574468085,0.06382978723404255,0.06382978723404255,0.2765957446808511
Jim Walls,1978-03-26,47,0.3617021276595745,75,0.37083333333333335,0.23404255319148937,0.23404255319148937,0.5106382978723404,1.0851063829787233
Bryan Stewart,1982-02-16,46,0.4782608695652174,77,0.32362459546925565,0.30434782608695654,0.8478260869565217,1.3478260869565217,1.565217391304348
Jon Mackey,1980-10-10,46,0.4782608695652174,73,0.46153846153846156,0.13043478260869565,0.2391304347826087,0.08695652173913043,0.30434782608695654
Kevin Craig,1974-06-27,45,0.4444444444444444,77,0.3128205128205128,0.28888888888888886,0.26666666666666666,0.24444444444444444,0.4
Michiel van Dorsten,1986-08-08,45,0.4,83,0.2391304347826087,0.044444444444444446,0.3333333333333333,0.17777777777777778,0.06666666666666667
Pavlos Beligratis,1977-11-16,45,0.1111111111111111,75,0.4564102564102564,0.022222222222222223,0.1111111111111111,0,1.1555555555555554
Ranse Jones,NA,45,0.4444444444444444,73,0.3069306930693069,0.26666666666666666,0.26666666666666666,0.2,1.711111111111111
Ryan Cronin,1974-11-29,45,0.4222222222222222,75,0.07575757575757576,0.06666666666666667,0.08888888888888889,0.022222222222222223,0.4
Andy Northness,1985-10-24,44,0.5,75,-0.16666666666666666,0,0.022727272727272728,0.022727272727272728,0.06818181818181818
Clint Coe,1982-05-08,44,0.5227272727272727,75,0.23706896551724138,0.3181818181818182,0.5454545454545454,0.06818181818181818,1.2727272727272727
Cole Fiers,1995-02-02,44,0.5454545454545454,76,0.23134328358208955,0.06818181818181818,0.13636363636363635,0.18181818181818182,0.5681818181818182
Eddie Stokes,1969-12-10,44,0.5,75,0.27586206896551724,0.2727272727272727,0.29545454545454547,0.22727272727272727,0.7272727272727273
Sean Allstot,1983-01-15,44,0.45454545454545453,74,0.35014005602240894,0.20454545454545456,0.5909090909090909,0.06818181818181818,2.8863636363636362
Aaron Nusbaum,1993-01-13,43,0.37209302325581395,74,0.2631578947368421,0,0.18604651162790697,0.046511627906976744,1.069767441860465
Dhiraj Coats,1980-01-27,43,0.4186046511627907,74,0.1728395061728395,0.09302325581395349,0.20930232558139536,0.046511627906976744,0.5348837209302325
Mario Silva,1980-06-23,43,0.046511627906976744,76,0.23076923076923078,0.046511627906976744,0.09302325581395349,0.13953488372093023,0.13953488372093023
Sergiy Mykhaylov,1984-12-19,43,0.27906976744186046,76,0.35294117647058826,0.023255813953488372,0.023255813953488372,0,0.20930232558139536
Dane Pearson,2067-12-24,42,0.5714285714285714,76,0.27380952380952384,0.07142857142857142,0.35714285714285715,0.14285714285714285,1
David Lee,1982-03-08,42,0.5952380952380952,80,0.3559322033898305,0.2857142857142857,0.42857142857142855,1.0952380952380953,0.6904761904761905
Pablo Bianchi,1983-05-12,42,0.23809523809523808,77,0.2717391304347826,0,0.09523809523809523,0.11904761904761904,0.07142857142857142
Chad Wick,1971-10-24,41,0.2682926829268293,76,0.24242424242424243,0.024390243902439025,0.14634146341463414,0,0.21951219512195122
Morais Abreu,2068-07-10,41,0.0975609756097561,72,0.07079646017699115,0.07317073170731707,0.36585365853658536,0.024390243902439025,1.1219512195121952
Skyler Davis,1976-07-26,41,0.36585365853658536,74,0.35555555555555557,0.36585365853658536,0.1951219512195122,0.4878048780487805,0.21951219512195122
Arri Jeschke,1982-06-11,40,0.525,73,0.3037037037037037,0.225,0.55,0.125,0.9
Bartosz Bachorski,1970-11-07,40,0.425,77,0.21978021978021978,0.025,0.175,0.075,0.375
John Anselmo,1970-05-16,40,0.425,73,0.125,0.425,0.3,0.3,1.025
Adam Minch,1984-01-20,39,0.41025641025641024,76,0.375,0,0.02564102564102564,0.05128205128205128,0.20512820512820512
Andreas Sutter,1985-07-12,39,0.28205128205128205,74,0.43820224719101125,0.02564102564102564,0.3076923076923077,0,0.41025641025641024
Dan Madden,1979-10-21,39,0.41025641025641024,72,0.15555555555555556,0.05128205128205128,0.07692307692307693,0,0.2564102564102564
Keith Jones,2063-11-20,39,0.5384615384615384,74,0.34408602150537637,0.20512820512820512,0.2564102564102564,0.10256410256410256,0.2564102564102564
Sam O'Dea,1990-11-24,39,0.3333333333333333,78,0.34375,0.07692307692307693,0.23076923076923078,0.15384615384615385,0.15384615384615385
Tim Wooliver,1975-09-19,39,0.38461538461538464,73,0.2,0.1282051282051282,0.1794871794871795,0.23076923076923078,0.7435897435897436
Christopher Austin,1991-07-09,38,0.5,74,0.3106060606060606,0,0.23684210526315788,0,0.9736842105263158
Christopher Vaughan,1993-08-27,38,0.5789473684210527,76,0.2897196261682243,0.15789473684210525,0.21052631578947367,0.02631578947368421,1.8421052631578947
Francisco Tomas,1989-06-21,38,0.39473684210526316,76,0.5142857142857142,0,0.21052631578947367,0,0.2894736842105263
Nate Hagstrom,1982-11-09,38,0.47368421052631576,76,0.21666666666666667,0.10526315789473684,0.18421052631578946,0,1.2894736842105263
Patrick Bolton,1981-10-02,38,0.5263157894736842,77,0.3076923076923077,0,0.02631578947368421,0.05263157894736842,0.07894736842105263
Andy Benesh,1995-03-14,37,0.5945945945945946,81,0.3412698412698413,0.2972972972972973,0.8378378378378378,1.3513513513513513,1.2972972972972974
Benjamin Shamrokh,1979-04-15,37,0.4864864864864865,72,0.0967741935483871,0.02702702702702703,0.32432432432432434,0,1.2162162162162162
David DiPierro,1975-11-06,37,0.4594594594594595,73,0.2804232804232804,0.24324324324324326,0.6486486486486487,0.2702702702702703,1.5945945945945945
Nathan Yang,1991-06-15,37,0.4864864864864865,75,0.3148148148148148,0,0.13513513513513514,0.2972972972972973,0.8378378378378378
Tim Holler,1991-02-23,37,0.6756756756756757,80,0.425,0.13513513513513514,0.2972972972972973,0.24324324324324326,0.1891891891891892
Tim Ryan,1978-08-26,37,0.2972972972972973,72,0.30357142857142855,0.02702702702702703,0.10810810810810811,0,0.7567567567567568
Jorge Martinez,1987-11-05,36,0.5277777777777778,72,0.38686131386861317,0.05555555555555555,0.3055555555555556,0,1.5
Ozz Borges,1985-01-12,36,0.4444444444444444,77,0.5185185185185185,0.08333333333333333,0.25,0,0.25
Soeren Schneider,1977-04-29,36,0.4444444444444444,78,0.3880597014925373,0.16666666666666666,0.3611111111111111,0.25,0.5833333333333334
Ivaylo Gavrilov,1970-12-30,35,0.4857142857142857,78,0.5294117647058824,0.11428571428571428,0,0.2,0.11428571428571428
Kevin Villela,1992-07-13,35,0.5428571428571428,74,0.14634146341463414,0.08571428571428572,0.08571428571428572,0.02857142857142857,0.05714285714285714
Peter Tourigny,2067-09-29,35,0.37142857142857144,73,0.2,0,0.08571428571428572,0,0.34285714285714286
Chris Littleman,1982-03-13,34,0.5,74,0.4375,0.058823529411764705,0.08823529411764706,0,0.47058823529411764
Ian Mehamed,1989-09-11,34,0.29411764705882354,72,0.1111111111111111,0,0.08823529411764706,0.029411764705882353,0.5
Sean Mackin,1977-02-26,34,0.38235294117647056,75,0.3220338983050847,0.029411764705882353,0.058823529411764705,0.20588235294117646,0.17647058823529413
James Ka,1981-11-05,33,0.45454545454545453,74,0.15730337078651685,0.06060606060606061,0.42424242424242425,0.06060606060606061,0.9090909090909091
Jialu Li,1985-02-13,33,0.45454545454545453,76,0.3783783783783784,0.12121212121212122,0.3939393939393939,0.06060606060606061,0.6666666666666666
Peter Jordan,1980-04-18,33,0.5757575757575758,75,0.1836734693877551,0,0.18181818181818182,0,0.5757575757575758
Simon Kulzer,1998-01-17,33,0.42424242424242425,76,0.17777777777777778,0.030303030303030304,0.36363636363636365,0.030303030303030304,1.0303030303030303
Travis Woloson,1991-11-09,33,0.5757575757575758,76,0.32075471698113206,0,0.18181818181818182,0,0.6666666666666666
Vladislav Todorov,1970-01-02,33,0.48484848484848486,73,0.4482758620689655,0.030303030303030304,0,0.030303030303030304,0.3939393939393939
Gershon Rorich,1973-10-23,32,0.3125,77,0.456,0.03125,0.0625,0.0625,1.375
Lucas Yoder,1995-02-19,32,0.65625,76,0.3023255813953488,0.375,0.96875,0.5,1.09375
Earl Schultz,1996-05-07,31,0.5483870967741935,77,0.35135135135135137,0,0.12903225806451613,0.16129032258064516,0.3225806451612903
Rui Yin,1980-03-14,31,0.16129032258064516,76,0.3983050847457627,0.06451612903225806,0.3548387096774194,0.25806451612903225,0.7419354838709677
Chris Kosty,1977-03-27,30,0.43333333333333335,75,0.12173913043478261,0.7,0.8,0.3333333333333333,0.7
Colin Kaslow,1975-08-20,30,0.43333333333333335,75,0.30597014925373134,0.16666666666666666,0.3,0.13333333333333333,1.2666666666666666
Joppe Paulides,1982-04-13,30,0.4,80,0.6470588235294118,0.06666666666666667,0.13333333333333333,0.13333333333333333,0
Lars Fredrik Tvinde,1992-06-17,30,0.36666666666666664,73,0.24489795918367346,0.06666666666666667,0.1,0,0.5333333333333333
Ric Cervantes,1988-02-06,30,0.5333333333333333,71,0.24598930481283424,0.26666666666666666,0.5333333333333333,0.03333333333333333,3.033333333333333
Daniel Lindsey,1979-01-25,29,0.4827586206896552,73,0.8928571428571429,0,0.20689655172413793,0.2413793103448276,0.3448275862068966
Mark Paaluhi,1971-03-08,29,0.3448275862068966,75,0.46938775510204084,0.10344827586206896,0.034482758620689655,0.3793103448275862,0.3793103448275862
Matteo Martino,1987-01-28,29,0.41379310344827586,78,0.4895833333333333,0.10344827586206896,0.3793103448275862,0,1.7241379310344827
Panagiotis Mourtzios,1980-05-05,29,0.2413793103448276,73,0.3950617283950617,0.034482758620689655,0,0.034482758620689655,0.20689655172413793
Abel Gustafson,1987-10-11,28,0.5,77,0.07407407407407407,0,0.17857142857142858,0.07142857142857142,0.25
Colin Pocock,1972-06-11,28,0.25,78,0.5121951219512195,0,0.10714285714285714,0.2857142857142857,0.6428571428571429
Eric Lucas,1989-11-07,28,0.5357142857142857,72,0.16666666666666666,0.03571428571428571,0.21428571428571427,0,1.1428571428571428
Felipe Humana-Paredes,1989-02-20,28,0.35714285714285715,77,0.4838709677419355,0.07142857142857142,0.07142857142857142,0.21428571428571427,0.03571428571428571
Hylas Smith,1984-11-18,28,0.4642857142857143,73,0.2222222222222222,0,0.10714285714285714,0,0.5
Jerry Stevens,1981-10-22,28,0.39285714285714285,75,-0.043478260869565216,0,0.07142857142857142,0.03571428571428571,0.2857142857142857
Marc Fornaciari,1983-04-18,28,0.42857142857142855,75,0.3235294117647059,0.03571428571428571,0.03571428571428571,0,0.39285714285714285
Matthew Hilling,1993-05-21,28,0.4642857142857143,77,0.13829787234042554,0.10714285714285714,0.39285714285714285,0.32142857142857145,0.5714285714285714
Mike Diehl,1970-12-30,28,0.5,78,0.32926829268292684,0.17857142857142858,0.5,0.5714285714285714,0.39285714285714285
Michael Watson,1989-02-02,27,0.3333333333333333,73,0.24074074074074073,0.037037037037037035,0.1111111111111111,0,0.9259259259259259
Jeffrey Carlson,1990-05-26,26,0.46153846153846156,74,0.2376237623762376,0.5,1.3076923076923077,0,2.576923076923077
Peter Connole,1991-06-29,26,0.46153846153846156,79,0.3902439024390244,0.19230769230769232,0.34615384615384615,0.2692307692307692,0.46153846153846156
Arqum Iqbal,1975-11-24,25,0.28,74,0.05660377358490566,0.08,0.08,0.04,0.28
John Wankner,1981-08-09,25,0.48,74,0.3191489361702128,0.16,0.36,0.36,0.84
Michael Rupp,1977-06-08,25,0.56,76,-0.14893617021276595,0.16,0.04,0.68,0.36
Nick Hannemann,1972-01-12,25,0.44,78,0.1,0.2,0.24,0.52,0.2
Adam Johnson,2065-01-31,24,0.5416666666666666,75,0.3467153284671533,0.3333333333333333,0.5416666666666666,0.25,3.2916666666666665
Bradley Lawson,1989-08-02,24,0.5416666666666666,79,0.32710280373831774,0.125,0.5416666666666666,0.5833333333333334,1.375
Brook Billings,1980-04-30,24,0.5,77,0.18085106382978725,0.041666666666666664,0.2916666666666667,0.20833333333333334,0.6666666666666666
Janis Peda,1985-05-18,24,0.20833333333333334,78,0.2708333333333333,0.041666666666666664,0.2916666666666667,0.5833333333333334,0.08333333333333333
Spencer McLachlin,1988-06-23,24,0.5416666666666666,79,0.2773722627737226,0.08333333333333333,0.125,0.25,0.3333333333333333
Adam VanOort,1976-09-08,23,0.4782608695652174,76,0.1875,0.21739130434782608,0.4782608695652174,0.17391304347826086,0.43478260869565216
Brian Cook,1992-06-01,23,0.6086956521739131,77,0.4881889763779528,0.34782608695652173,1.0434782608695652,1.0869565217391304,1.5217391304347827
Eric Leeseberg,1981-02-22,23,0.34782608695652173,78,0.21052631578947367,0.13043478260869565,0.21739130434782608,0.5217391304347826,0.2608695652173913
Jason Hodell,1969-06-20,23,0.5652173913043478,77,0.24528301886792453,0,0.043478260869565216,0.043478260869565216,0.34782608695652173
Mike Nelson,1982-04-21,23,0.43478260869565216,75,0.15503875968992248,0.13043478260869565,0.30434782608695654,0.13043478260869565,1.7826086956521738
Tim Oude Elferink,1987-04-13,23,0.34782608695652173,76,0.2535211267605634,0.13043478260869565,0.17391304347826086,0,0.2608695652173913
Adam Gustafson,1990-03-13,22,0.45454545454545453,72,0.3490566037735849,0.13636363636363635,0.22727272727272727,0,2.227272727272727
Bill Schultz,1980-02-11,22,0.2727272727272727,75,0.2692307692307692,0.13636363636363635,0.3181818181818182,0.045454545454545456,0.09090909090909091
Emanuel Fernandes,2067-07-25,22,0.13636363636363635,75,0.09523809523809523,0,0.36363636363636365,0.13636363636363635,0.13636363636363635
Geoff Cryst,1974-11-19,22,0.6363636363636364,77,0.21428571428571427,0,0.09090909090909091,0.09090909090909091,0.18181818181818182
William Robbins,1977-06-05,22,0.5,77,0.28205128205128205,0.045454545454545456,0.36363636363636365,0.22727272727272727,0.36363636363636365
Bill Maik,1974-06-09,21,0.47619047619047616,75,0.17647058823529413,0.047619047619047616,0.14285714285714285,0.19047619047619047,0.7619047619047619
Caleb Cook,1983-02-11,21,0.38095238095238093,76,0.2,0.09523809523809523,0.38095238095238093,0,0.3333333333333333
Clay Paullin,1992-01-25,20,0.6,80,0.3358208955223881,0.3,0.75,1.05,0.9
Kristopher Johnson,1990-03-30,20,0.5,83,0.358974358974359,0.15,0.5,0.35,0.2
Monte Tucker,1981-08-09,20,0.45,74,0.3023255813953488,0.15,0.35,0,1.65
Tim McNichol,1975-10-09,20,0.45,73,0.20967741935483872,0,0.05,0,0.45
