name,birthdate,height,hit_pct,aces_per_game,serve_errors_per_game,blocks_per_game,digs_per_game,.cluster
Jake Gibb,1976-02-06,79,0.4275849536616391,0.5583864118895966,0.8655343241330502,2.2689313517338996,1.7997169143665959,3
Phil Dalhausser,1980-01-26,81,0.5029173419773095,0.8864142538975501,1.5330363771343727,2.495916852264291,1.5916852264291017,3
Todd Rogers,1973-09-30,74,0.3962040332147094,0.22905027932960895,0.5434956105347167,0.08619313647246608,5.308858739026337,2
Sean Rosenthal,1980-06-19,76,0.38760061836984916,0.6707317073170732,1.4739837398373983,0.4073170731707317,5.8325203252032525,3
Nick Lucena,1979-09-22,73,0.35509385618002565,0.47852233676975947,1.193298969072165,0.06443298969072164,6.358247422680412,3
Ricardo Santos,1975-01-06,79,0.45364088647670736,0.10793357933579335,0.17988929889298894,0.3348708487084871,0.3339483394833948,4
John Hyden,1972-10-07,77,0.43364592213697073,0.7228915662650602,1.1877510040160641,0.1355421686746988,7.168674698795181,3
Emanuel Rego,1973-04-15,75,0.4525828835774865,0.049740932642487044,0.10984455958549223,0.02383419689119171,0.47461139896373056,1
Casey Jennings,1975-07-10,75,0.3864500306560392,0.38287752675386444,0.5755053507728894,0.089179548156956,8.04756242568371,3
Pedro Solberg,1986-03-27,76,0.46774193548387094,0.016270337922403004,0.0425531914893617,0.1414267834793492,0.1113892365456821,1
Matt Fuerbringer,1974-01-29,80,0.45396300506355275,0.36888331242158096,0.8657465495608532,2.641154328732748,1.7967377666248432,3
Pablo Herrera,1982-06-29,76,0.5316872427983539,0.039440203562340966,0.12849872773536897,0.178117048346056,0.27608142493638677,1
Marcio Araujo,1973-10-12,76,0.42992874109263657,0.04669260700389105,0.11284046692607004,0.010376134889753566,0.364461738002594,1
Casey Patterson,1980-04-20,78,0.45482212194354077,0.7150395778364116,1.3482849604221636,0.41952506596306066,3.742744063324538,3
Stein Metzger,1972-11-17,75,0.42476066548935776,0.3654353562005277,0.6781002638522428,0.23614775725593667,4.992084432717678,3
Kevin Wong,1972-09-12,79,0.4027777777777778,0.4973474801061008,0.9270557029177718,2.2254641909814326,2.6949602122015914,3
Sean Scott,1973-06-29,77,0.4214447252893442,0.5957446808510638,1.0186170212765957,2.6316489361702127,2.9069148936170213,3
Aleksandrs Samoilovs,1985-04-06,77,0.4190919674039581,0.025815217391304348,0.050271739130434784,0.07336956521739131,0.23505434782608695,1
Clemens Doppler,1980-09-06,79,0.48812351543942994,0.07746478873239436,0.15492957746478872,0.05352112676056338,0.24366197183098592,4
Alison Cerutti,1985-12-07,80,0.4448742746615087,0.06315789473684211,0.15639097744360902,0.36541353383458647,0.1443609022556391,4
Harley Marques,1974-07-06,76,0.4522417153996101,0.060092449922958396,0.08936825885978428,0.0030816640986132513,0.26348228043143296,1
John Mayer,1982-06-11,73,0.37565867754547,0.8142414860681114,1.8111455108359134,0.0804953560371517,8.08359133126935,3
Bruno Oscar Schmidt,1986-10-06,73,0.3716475095785441,0.06351791530944625,0.12214983713355049,0.0016286644951140066,0.44788273615635177,2
Adrian Gavira,1987-09-17,76,0.4316807738814994,0.06930693069306931,0.16501650165016502,0.0891089108910891,0.3778877887788779,1
Ed Ratledge,1976-12-16,80,0.41724597991714063,0.46243739565943237,1.5175292153589315,2.988313856427379,2.8797996661101837,3
Martins Plavins,1985-05-08,75,0.40993071593533487,0.03361344537815126,0.06386554621848739,0.018487394957983194,0.5294117647058824,1
Janis Smedins,1987-07-31,75,0.4696485623003195,0.04576271186440678,0.13220338983050847,0.1016949152542373,0.27627118644067794,1
Jeff Nygaard,1972-08-03,80,0.4179617336977743,0.4940374787052811,0.9233390119250426,3.020442930153322,2.3662691652470187,3
Benjamin Insfran,1972-04-14,77,0.48494983277591974,0.010256410256410256,0.022222222222222223,0.07179487179487179,0.21367521367521367,1
Dax Holdren,1972-09-04,75,0.3860759493670886,0.43672014260249553,0.661319073083779,0.49019607843137253,6.531194295900178,3
Billy Allen,1981-10-15,74,0.38742857142857146,0.4036363636363636,0.7363636363636363,0.13818181818181818,7.325454545454545,3
Martin Laciga,1975-01-25,77,0.4259818731117825,0.0546448087431694,0.09107468123861566,0.07468123861566485,0.06557377049180328,1
Alexander Horst,1982-12-20,73,0.4125,0.05037313432835821,0.12686567164179105,0.005597014925373134,0.47201492537313433,1
Julius Brink,1982-07-06,73,0.4677871148459384,0.07850467289719626,0.19065420560747665,0.001869158878504673,0.4785046728971963,1
Brad Keenan,1981-08-10,80,0.40276012347920825,1.1388367729831144,2.617260787992495,2.7861163227016887,1.320825515947467,3
Jonas Reckermann,1979-05-26,79,0.5397301349325337,0.0817490494296578,0.15019011406844107,0.24524714828897337,0.13688212927756654,1
Patrick Heuscher,1976-12-22,76,0.4605678233438486,0.038461538461538464,0.10961538461538461,0.10961538461538461,0.24423076923076922,1
Sascha Heyer,1972-07-21,80,0.4704724409448819,0.0425531914893617,0.07736943907156674,0.11411992263056092,0.13539651837524178,4
Grzegorz Fijalek,1987-05-11,73,0.483695652173913,0.03718199608610567,0.06653620352250489,0.0019569471624266144,0.3385518590998043,1
Adam Roberts,1976-01-25,73,0.30471887550200805,0.20675944333996024,0.35984095427435386,0.1709741550695825,5.230616302186879,2
Franco Neto,2066-11-11,76,0.6363636363636364,0.01002004008016032,0,0.026052104208416832,0.052104208416833664,1
Mariano Baracetti,1974-07-12,76,0.40229885057471265,0.012024048096192385,0.036072144288577156,0.02004008016032064,0.07615230460921844,1
Dmitri Barsouk,1980-01-20,75,0.4191343963553531,0.02620967741935484,0.004032258064516129,0.012096774193548387,0.21975806451612903,1
Reinder Nummerdor,1976-09-10,76,0.4701086956521739,0.04158004158004158,0.11226611226611227,0.002079002079002079,0.6029106029106029,1
Matt Olson,1980-01-02,74,0.38995098039215687,0.50418410041841,0.7322175732217573,0.8828451882845189,8.981171548117155,3
Mariusz Prudel,1986-01-21,75,0.44419134396355353,0.031512605042016806,0.05042016806722689,0.15756302521008403,0.15546218487394958,1
Paolo Nicolai,1988-08-06,80,0.47671840354767187,0.08438818565400844,0.24261603375527427,0.25949367088607594,0.10970464135021098,4
Iver Horrem,1977-01-01,75,0.41700404858299595,0.01910828025477707,0.09341825902335456,0.012738853503184714,0.16772823779193205,1
Pedro Cunha,1983-06-10,74,0.5097087378640777,0.012987012987012988,0.03896103896103896,0,0.15151515151515152,1
Mark Williams,1979-01-27,79,0.42296167796877465,0.4326086956521739,0.7782608695652173,2.5652173913043477,2.582608695652174,3
Paul Baxter,1972-02-01,77,0.37041978856615004,0.5676855895196506,1.0043668122270741,0.5938864628820961,7.152838427947598,3
Ty Loomis,1979-05-01,75,0.3808778961775345,1.4635761589403973,2.6953642384105962,0.7880794701986755,6.635761589403973,3
Fabio Luiz Magalhaes,1979-03-13,80,0.37789203084832906,0.008869179600886918,0.03547671840354767,0.13082039911308205,0.015521064301552107,4
Tarjei Skarlund,1978-11-06,75,0.41923076923076924,0.03547671840354767,0.10864745011086474,0.013303769401330377,0.22838137472283815,1
Ryan Doherty,1984-02-02,85,0.45765386638611255,0.708803611738149,1.5440180586907448,1.8848758465011286,1.0677200902934538,3
Theo Brunner,1985-03-17,79,0.4298865339327767,0.3439635535307517,0.7699316628701595,2.079726651480638,1.1389521640091116,3
Rivo Vesik,1980-07-15,78,0.4318181818181818,0.0410958904109589,0.06621004566210045,0.0547945205479452,0.1232876712328767,4
David Klemperer,1980-06-22,74,0.3561946902654867,0.02517162471395881,0.06636155606407322,0.002288329519450801,0.2631578947368421,2
Alexander Brouwer,1989-11-03,78,0.5031152647975078,0.0896551724137931,0.20229885057471264,0.0022988505747126436,0.4804597701149425,1
Jorre Kjemperud,2068-08-31,74,0.44329896907216493,0.03917050691244239,0.07834101382488479,0.02534562211981567,0.2695852534562212,1
Jakub Szalankiewicz,1989-05-03,75,0.3486238532110092,0.018518518518518517,0.046296296296296294,0.013888888888888888,0.19907407407407407,1
Dain Blanton,1971-11-28,75,0.3731267029972752,0.6558139534883721,1.3162790697674418,0.28604651162790695,5.32093023255814,3
Linyin Xu,1986-03-20,79,0.40310077519379844,0.044186046511627906,0.08837209302325581,0.17674418604651163,0.13023255813953488,4
Martin Conde,1971-08-25,73,0.46308724832214765,0.002331002331002331,0.013986013986013986,0.002331002331002331,0.06526806526806526,1
Jonathan Erdmann,1988-03-12,76,0.3911917098445596,0.07476635514018691,0.18925233644859812,0.20794392523364486,0.1261682242990654,1
Fred Souza,1972-05-13,79,0.3922449658845066,1.8246445497630333,3.1066350710900474,2.075829383886256,2.514218009478673,3
Jason Lochhead,1984-03-12,70,0.30962643678160917,0.13095238095238096,0.319047619047619,0.002380952380952381,1.2476190476190476,2
Kay Matysik,1980-06-18,75,0.42028985507246375,0.0671462829736211,0.1342925659472422,0.002398081534772182,0.4172661870503597,1
Robert Meeuwsen,1988-03-21,81,0.5507518796992481,0.07729468599033816,0.25120772946859904,0.2632850241545894,0.11352657004830918,4
Joshua Slack,1976-12-16,75,0.5179153094462541,0.053268765133171914,0.08958837772397095,0.07021791767554479,0.10411622276029056,1
Katsuhiro Shiratori,1976-10-29,75,0.3364485981308411,0.017114914425427872,0.08801955990220049,0.0024449877750611247,0.17603911980440098,2
Daniele Lupo,1991-05-06,77,0.48356164383561645,0.029484029484029485,0.11302211302211303,0.009828009828009828,0.4643734643734644,1
Eric Fonoimoana,1969-06-07,75,0.40661848611639406,0.4314214463840399,0.7381546134663342,0.8753117206982544,4.309226932668329,3
Raul Mesa,1982-04-16,75,0.3525835866261398,0.017456359102244388,0.0399002493765586,0.04738154613466334,0.13466334164588528,1
Mike Lambert,1974-04-14,78,0.44601375209068944,0.75,1.8762626262626263,4.26010101010101,2.234848484848485,3
Aaron Wachtfogel,1981-11-08,73,0.36840960974018916,0.9484536082474226,2.966494845360825,0.10824742268041238,9.626288659793815,3
Ryan Mariano,1976-04-01,75,0.3775607432110529,0.948051948051948,1.0857142857142856,0.14805194805194805,10.633766233766234,3
Ben Saxton,1988-11-21,79,0.45918367346938777,0.06527415143603134,0.21409921671018275,0.19321148825065274,0.20365535248041775,4
Larry Witt,1979-07-13,78,0.40863072639838016,0.6910994764397905,1.5628272251308901,1.8193717277486912,4.861256544502618,3
Evandro Goncalves,1990-07-17,83,0.4869281045751634,0.12073490813648294,0.2204724409448819,0.12073490813648294,0.2230971128608924,4
Penggen Wu,1982-05-07,78,0.4260869565217391,0.01856763925729443,0.07427055702917772,0.015915119363395226,0.38992042440318303,4
Anthony Medel,1978-03-28,75,0.3649154657891751,1.3333333333333333,2.4731182795698925,0.3279569892473118,7.553763440860215,3
Tri Bourne,1989-06-20,77,0.430849601319769,0.3918918918918919,1.0513513513513513,1.3405405405405406,1.1945945945945946,3
Konstantin Semenov,1989-06-09,83,0.5360824742268041,0.059782608695652176,0.1793478260869565,0.25815217391304346,0.07880434782608696,4
Stafford Slick,1985-01-04,80,0.4284077892325315,0.5912806539509536,1.5040871934604905,1.8692098092643052,1.5803814713896458,3
Kristjan Kais,1976-03-03,74,0.40273037542662116,0.024657534246575342,0.043835616438356165,0.00821917808219178,0.2410958904109589,1
Kirk Pitman,1981-12-13,76,0.3021978021978022,0.011019283746556474,0.01928374655647383,0.07713498622589532,0.07713498622589532,4
Richard Schuil,1973-05-02,80,0.5019762845849802,0.08539944903581267,0.2066115702479339,0.18181818181818182,0.1046831955922865,4
Eric Koreng,1981-05-16,76,0.32432432432432434,0.022099447513812154,0.13535911602209943,0.212707182320442,0.06629834254143646,4
Kevin Ces,1980-07-21,76,0.39880952380952384,0.022099447513812154,0.04696132596685083,0.0027624309392265192,0.1298342541436464,1
Christiaan Varenhorst,1990-05-06,83,0.4632352941176471,0.036011080332409975,0.12465373961218837,0.1440443213296399,0.0886426592797784,4
Jose Loiola,1970-03-28,76,0.37606837606837606,0.5650969529085873,1.3961218836565097,1.03601108033241,3.2326869806094183,3
"Jorge ""Gia"" Terceiro",1976-07-19,75,0.28820960698689957,0.014245014245014245,0.07692307692307693,0,0.23646723646723647,2
"Renato ""Geor"" Gomes",1981-01-20,80,0.359375,0.02,0.06285714285714286,0.12857142857142856,0.037142857142857144,4
Bill Strickland,1980-12-26,81,0.40288511076764555,0.49712643678160917,0.9540229885057471,2.5919540229885056,2.3045977011494254,3
Emiel Boersma,1980-08-25,81,0.29444444444444445,0,0.040345821325648415,0.07204610951008646,0.06340057636887608,4
Alvaro Filho,1990-11-27,73,0.4484536082474227,0.02601156069364162,0.046242774566473986,0.011560693641618497,0.3583815028901734,1
Trevor Crabb,1989-09-15,76,0.45768396133359635,0.5014492753623189,0.9652173913043478,1.5391304347826087,2.420289855072464,3
Bartosz Losiak,1992-05-14,75,0.4726027397260274,0.05232558139534884,0.16279069767441862,0.00872093023255814,0.2558139534883721,1
Vegard Hoidalen,1971-05-10,76,0.5508771929824562,0.04941860465116279,0.09883720930232558,0.07267441860465117,0.12790697674418605,1
Jason Ring,1974-07-21,75,0.3815058986814712,0.49707602339181284,1.2690058479532165,1.6637426900584795,5.807017543859649,3
Piotr Kantor,1992-05-03,79,0.45454545454545453,0.047058823529411764,0.08235294117647059,0.12058823529411765,0.08529411764705883,4
Stefan Windscheif,1987-09-10,74,0.4072164948453608,0.014970059880239521,0.09281437125748503,0.0029940119760479044,0.2125748502994012,1
Albert Hannemann,1970-05-04,75,0.3423400779188136,0.6336336336336337,1.117117117117117,0.36036036036036034,8.045045045045045,3
Chaim Schalk,1986-04-23,77,0.42463014794082365,0.19393939393939394,0.41818181818181815,0.01818181818181818,2.584848484848485,1
Michal Kadziola,1989-05-28,76,0.3487394957983193,0.024242424242424242,0.03333333333333333,0.08484848484848485,0.08181818181818182,1
Christoph Dieckmann,1976-01-07,78,0.468,0.0243161094224924,0.03343465045592705,0.1641337386018237,0.12158054711246201,1
Philip Gabathuler,1982-12-24,76,0.4041095890410959,0.052307692307692305,0.08,0.09846153846153846,0.06153846153846154,1
Canyon Ceman,1972-06-21,77,0.3875673961306692,0.5496894409937888,0.9813664596273292,0.2577639751552795,6.425465838509317,3
Hans Stolfus,1976-12-29,77,0.406203033201257,1.140625,2.284375,2.090625,4.78125,3
Juan Virgen,1987-04-09,78,0.4675925925925926,0.07547169811320754,0.11320754716981132,0.10377358490566038,0.09433962264150944,1
Matt Prosser,1978-11-27,79,0.3531390134529148,0.5772870662460567,1.3533123028391167,2.5078864353312302,2.722397476340694,3
Yannick Salvetti,1980-08-04,78,0.2727272727272727,0.0031545741324921135,0.04100946372239748,0.031545741324921134,0.01892744479495268,4
Paul Laciga,1970-11-24,76,0.6015037593984962,0.022292993630573247,0.041401273885350316,0,0.21656050955414013,1
Florian Gosch,1980-08-16,77,0.30900243309002434,0.016025641025641024,0.038461538461538464,0.16346153846153846,0.11858974358974358,4
Robin Seidl,1990-01-21,75,0.3917525773195876,0.028846153846153848,0.04807692307692308,0.1346153846153846,0.08653846153846154,1
Mischa Urbatzka,1983-03-29,75,0.43018867924528303,0.026143790849673203,0.07516339869281045,0.02287581699346405,0.20588235294117646,1
Alexandr Dyachenko,1980-10-23,77,0.41823899371069184,0.029508196721311476,0.05901639344262295,0.013114754098360656,0.21311475409836064,1
Brent Doble,1970-01-03,78,0.3736469909077789,0.32786885245901637,0.5573770491803278,3.00327868852459,3.622950819672131,3
John Moran,1976-04-19,77,0.39322533136966126,0.3016393442622951,0.8655737704918033,1.019672131147541,1.9737704918032788,4
Markus Bockermann,1986-01-14,78,0.4045307443365696,0.07236842105263158,0.16776315789473684,0.08552631578947369,0.14144736842105263,4
Viacheslav Krasilnikov,1991-04-28,77,0.5439330543933054,0.016556291390728478,0.06622516556291391,0.0033112582781456954,0.2947019867549669,1
Vitor Felipe,1991-03-10,76,0.41776315789473684,0.059800664451827246,0.08970099667774087,0.09966777408637874,0.1760797342192691,1
Alexander Huber,1985-07-25,71,0.3474025974025974,0.013333333333333334,0.07333333333333333,0.006666666666666667,0.29,2
Peter Gartmayer,1978-02-25,76,0.4413793103448276,0.020066889632107024,0.07692307692307693,0.10033444816053512,0.06688963210702341,1
Mark Heese,1969-08-15,72,0.5959595959595959,0.020202020202020204,0.04040404040404041,0.016835016835016835,0.25252525252525254,1
Christopher McHugh,1989-08-31,78,0.44933920704845814,0.0472972972972973,0.0945945945945946,0.010135135135135136,0.16216216216216217,1
Mike Morrison,1979-01-07,78,0.3513457556935818,0.38095238095238093,1.1734693877551021,2.173469387755102,2.17687074829932,3
Premysl Kubala,1973-12-16,80,0.4354066985645933,0.02040816326530612,0.06802721088435375,0.11224489795918367,0.11224489795918367,4
Scott Wong,1978-12-31,77,0.37559088955737,0.5986394557823129,1.3979591836734695,2.3843537414965987,5.017006802721088,3
Ty Tramblie,1980-10-22,72,0.2965144820814924,0.6122448979591837,1.3503401360544218,0.07482993197278912,8.054421768707483,3
Andrew Schacht,1973-05-22,76,0.4943820224719101,0.041237113402061855,0.037800687285223365,0.01718213058419244,0.2268041237113402,1
Markus Egger,1975-02-24,75,0.7176470588235294,0.006872852233676976,0,0.003436426116838488,0.13745704467353953,1
Taylor Crabb,1992-01-26,72,0.40777597778292063,0.4463667820069204,0.8373702422145328,0.05190311418685121,6.930795847750865,3
Rich VanHuizen,1975-11-25,81,0.46,0.027874564459930314,0.003484320557491289,0.34843205574912894,0.010452961672473868,4
Stefan Kobel,1974-02-13,75,0.5484949832775919,0.017482517482517484,0.06993006993006994,0.0034965034965034965,0.32517482517482516,1
Adam Jewell,1975-06-24,77,0.3979364758243981,0.8070175438596491,1.9894736842105263,1.105263157894737,5.024561403508772,3
Russ Marchewka,1982-10-05,78,0.32713146595788184,1.1543859649122807,2.456140350877193,1.6421052631578947,2.2035087719298247,3
Karch Kiraly,2060-11-03,74,0.39938036896211804,0.254416961130742,0.3286219081272085,0.3992932862190813,9.060070671378092,3
Bjorn Berg,1972-01-24,77,0.5274725274725275,0.014285714285714285,0.010714285714285714,0.07857142857142857,0.125,1
Andy Ces,1982-07-03,77,0.27235772357723576,0.03225806451612903,0.10752688172043011,0.0967741935483871,0.17562724014336917,4
Ruslans Sorokins,1982-03-11,77,0.5029239766081871,0.06884057971014493,0.17391304347826086,0.14130434782608695,0.17391304347826086,1
Alex Ranghieri,1987-06-18,78,0.6607142857142857,0.0036496350364963502,0.043795620437956206,0.058394160583941604,0.029197080291970802,1
Alexey Sidorenko,1983-08-26,78,0.4166666666666667,0.014598540145985401,0.08394160583941605,0.06934306569343066,0.058394160583941604,4
Matteo Ingrosso,1988-02-12,75,0.46808510638297873,0,0.01107011070110701,0,0.08118081180811808,1
Adrian Carambula,1988-03-16,72,0.4343373493975904,0.1760299625468165,0.5880149812734082,0.018726591760299626,2.8726591760299627,2
Jeremy Casebeer,1989-01-03,77,0.3944575471698113,1.3745318352059925,3.1385767790262173,2.655430711610487,2.067415730337079,3
Ahren Cadieux,1975-04-06,76,0.3191489361702128,0.003787878787878788,0.045454545454545456,0,0.125,4
Conrad Leinemann,1971-04-02,75,0.5510204081632653,0.011363636363636364,0,0.011363636363636364,0.03787878787878788,1
Lars Fluggen,1990-05-24,76,0.4968553459119497,0.03816793893129771,0.09541984732824428,0.007633587786259542,0.21755725190839695,1
Sam Schachter,1990-05-08,78,0.4117647058823529,0.057692307692307696,0.15,0.04230769230769231,0.4269230769230769,4
Jeff Carlucci,1975-01-27,78,0.3365710413372487,0.8875968992248062,2.503875968992248,1.5387596899224807,2.8333333333333335,3
Kentaro Asahi,1975-09-19,78,0.44390243902439025,0.01937984496124031,0.027131782945736434,0.10465116279069768,0.023255813953488372,1
Paolo Ingrosso,1988-02-12,75,0.40350877192982454,0.0038910505836575876,0.007782101167315175,0.054474708171206226,0.0311284046692607,1
AJ Mihalic,1976-05-06,76,0.3712737127371274,0.27734375,0.89453125,1.34375,2.07421875,3
Jan Schnider,1983-01-07,77,0.33992094861660077,0.027450980392156862,0.12156862745098039,0.03529411764705882,0.2235294117647059,4
Lombardo Ontiveros,1983-11-09,74,0.44571428571428573,0.023715415019762844,0.08695652173913043,0.003952569169960474,0.39920948616600793,1
Pedro Brazao,1979-11-27,77,0.364240790655885,1.203187250996016,2.3784860557768925,0.450199203187251,7.414342629482071,3
Avery Drost,1986-09-07,77,0.38459831335996447,0.772,1.728,1.6,3.32,3
Francisco Alvarez,1969-04-12,72,0.5609756097560976,0.016,0.008,0.004,0.228,1
Jefferson Bellaguarda,1976-09-12,76,0.4375,0.028,0.068,0,0.26,1
Miguel Maia,1971-04-23,71,0.41,0.016129032258064516,0.05241935483870968,0,0.2661290322580645,1
Sebastian Dollinger,1984-05-11,81,0.441025641025641,0.05241935483870968,0.16129032258064516,0.18548387096774194,0.06048387096774194,4
Hannes Brinkborg,1978-07-09,78,0.3763440860215054,0.012145748987854251,0.05668016194331984,0.008097165991902834,0.18218623481781376,4
Yaroslav Koshkarev,1985-05-21,76,0.38484848484848483,0.05668016194331984,0.15789473684210525,0.004048582995951417,0.3441295546558704,1
Jason Lee,1977-11-17,78,0.4215200330441966,0.3795918367346939,0.9877551020408163,1.453061224489796,5.844897959183673,3
Nikolas Berger,1974-03-18,77,0.5546218487394958,0.0778688524590164,0.028688524590163935,0.06557377049180328,0.27459016393442626,1
Esteban Grimalt,1991-01-09,75,0.4788135593220339,0.03292181069958848,0.09465020576131687,0.00823045267489712,0.2716049382716049,1
Marco Grimalt,1989-07-11,77,0.4473684210526316,0.0205761316872428,0.04526748971193416,0.09876543209876543,0.09876543209876543,1
Steve Grotowski,1982-05-30,78,0.4092295957284516,0.4669421487603306,1.1694214876033058,0.9297520661157025,1.6322314049586777,3
David Fischer,1972-04-09,75,0.35462555066079293,0.18672199170124482,0.5809128630705395,0.1991701244813278,2.3734439834024896,2
Igor Kolodinsky,1983-07-07,78,0.45,0.025210084033613446,0.15126050420168066,0.1092436974789916,0.037815126050420166,1
Tande Ramos,1970-03-20,78,0.6712328767123288,0.025423728813559324,0,0.025423728813559324,0.0847457627118644,1
Thiago Santos Barbosa,1982-12-10,78,0.25609756097560976,0.0211864406779661,0.0423728813559322,0.05084745762711865,0.05508474576271186,4
Justin Phipps,1978-05-09,74,0.304383788254756,0.1148936170212766,0.3617021276595745,0.02127659574468085,1.476595744680851,2
Javier Bosma,1969-11-06,75,0.6095617529880478,0.008583690987124463,0.017167381974248927,0.004291845493562232,0.33905579399141633,1
Serguey Prokopyev,1986-08-21,76,0.3713355048859935,0.034782608695652174,0.1391304347826087,0,0.5434782608695652,1
Kjell Schneider,1976-10-04,78,0.5135135135135135,0.008733624454148471,0,0.03056768558951965,0.039301310043668124,1
Riccardo Lione,1972-04-13,78,0.2692307692307692,0.013100436681222707,0.026200873362445413,0.034934497816593885,0.021834061135371178,4
Bo Soderberg,1977-05-06,77,0.40463917525773196,0.06140350877192982,0.18421052631578946,0.008771929824561403,0.5219298245614035,1
Inocencio Lario,1984-02-28,77,0.3192307692307692,0.017777777777777778,0.1111111111111111,0.04888888888888889,0.25333333333333335,4
Brad Torsone,1975-01-14,78,0.33908387864366446,0.13839285714285715,0.32142857142857145,1.1339285714285714,0.875,4
Austin Rester,1982-03-31,79,0.37514792899408284,0.8468468468468469,2.4144144144144146,2.2162162162162162,3.189189189189189,3
Christian Sorum,1995-12-03,76,0.31985294117647056,0.013636363636363636,0.022727272727272728,0.013636363636363636,0.2681818181818182,4
Sam Pedlow,1987-06-14,77,0.47572815533980584,0.07272727272727272,0.19090909090909092,0.10454545454545454,0.08181818181818182,1
Braidy Halverson,1983-03-08,77,0.3614844533600802,0.5525114155251142,1.4155251141552512,2.4840182648401825,2.6666666666666665,3
Grant O'Gorman,1993-11-02,74,0.48255813953488375,0.0045871559633027525,0.07339449541284404,0.0045871559633027525,0.4541284403669725,1
"Gustavo ""Guto"" Carvalhaes",1993-08-20,73,0.37662337662337664,0.045871559633027525,0.09174311926605505,0.05504587155963303,0.7568807339449541,2
Scott Lane,1974-02-21,78,0.39869585468095015,1.1290322580645162,1.7741935483870968,1.912442396313364,2.110599078341014,3
Markus Dieckmann,1976-01-07,74,0.5576036866359447,0.023148148148148147,0.013888888888888888,0.004629629629629629,0.3055555555555556,1
Bjorn Maaseide,2068-03-07,78,0.49034749034749037,0.0047169811320754715,0.04716981132075472,0.08490566037735849,0.18396226415094338,1
Fabien Dugrip,1976-03-29,75,0.23295454545454544,0.02358490566037736,0.04716981132075472,0,0.1320754716981132,2
Michal Bryl,1994-10-09,78,0.3090909090909091,0.01904761904761905,0.02857142857142857,0.014285714285714285,0.02857142857142857,4
Reid Priddy,1977-10-01,76,0.42052469135802467,0.9619047619047619,1.880952380952381,0.44761904761904764,6.59047619047619,3
Eugenio Amore,1972-02-17,76,0.288135593220339,0.009569377990430622,0.0430622009569378,0.004784688995215311,0.03349282296650718,2
Mike DiPierro,1980-12-10,78,0.37062113629673243,0.35096153846153844,0.8173076923076923,0.9230769230769231,4.889423076923077,3
Mark Burik,1985-08-12,75,0.35108048856874413,0.6038647342995169,1.3719806763285025,0.2318840579710145,5.990338164251208,3
Mike Placek,1982-10-23,75,0.3577376821651631,0.42028985507246375,0.7536231884057971,0.07729468599033816,5.932367149758454,3
Isaac Kapa,1985-07-23,79,0.33739837398373984,0.05825242718446602,0.1262135922330097,0.1941747572815534,0.10679611650485436,4
Oleg Stoyanovskiy,1996-09-26,81,0.5277777777777778,0.009708737864077669,0.038834951456310676,0.043689320388349516,0.043689320388349516,4
Jackson Henriquez,1985-02-28,76,0.3048780487804878,0.014634146341463415,0.03414634146341464,0.04390243902439024,0.07317073170731707,4
Josh Binstock,1981-01-12,77,0.3983739837398374,0.04390243902439024,0.13170731707317074,0.1902439024390244,0.375609756097561,4
Andre Loyola,1994-08-19,79,0.43434343434343436,0.0196078431372549,0.024509803921568627,0.06372549019607843,0.28431372549019607,4
Jesus Villafane,1986-11-19,73,0.341991341991342,0.014778325123152709,0.009852216748768473,0,0.35467980295566504,2
Christian Redmann,1982-03-16,74,0.2806451612903226,0.05472636815920398,0.19402985074626866,0,0.4626865671641791,2
Yury Bogatov,1986-10-21,78,0.2982456140350877,0.02030456852791878,0.03553299492385787,0.06091370558375635,0.08121827411167512,4
Anders Lund Hoyer,1983-09-04,78,0.29831932773109243,0.04591836734693878,0.061224489795918366,0.08673469387755102,0.1836734693877551,4
Joao Brenha,1970-05-06,76,0.510752688172043,0.02564102564102564,0.02564102564102564,0.07179487179487179,0.10256410256410256,1
Kjell Goranson,1970-12-13,76,0.21311475409836064,0.020512820512820513,0.06153846153846154,0,0.08205128205128205,2
Saymon Barbosa,1993-09-08,79,0.35805626598465473,0.05154639175257732,0.18041237113402062,0.25773195876288657,0.28865979381443296,4
Billy Kolinske,1986-08-06,78,0.364509394572025,0.19689119170984457,0.5129533678756477,1.6321243523316062,1.4870466321243523,4
Petr Benes,1974-11-27,78,0.49747474747474746,0.06217616580310881,0.25906735751295334,0.04145077720207254,0.5284974093264249,1
Scott Davenport,1971-09-12,72,0.32138338253901305,0.45077720207253885,1.077720207253886,0.23834196891191708,4.430051813471502,2
Andrea Tomatis,1978-04-09,78,0.19540229885057472,0.015625,0.020833333333333332,0.015625,0.036458333333333336,4
Roman Arkaev,1973-11-02,77,0.569620253164557,0.010471204188481676,0,0.02617801047120419,0.020942408376963352,1
Chad Mowrey,1977-07-19,73,0.29896907216494845,0.3105263157894737,0.631578947368421,0.13157894736842105,5.242105263157895,2
Jon Mesko,1977-03-30,78,0.3432926829268293,0.3915343915343915,1.0423280423280423,0.37566137566137564,1.6243386243386244,4
Maciej Rudol,1993-06-27,77,0.2781954887218045,0.03723404255319149,0.06382978723404255,0.07446808510638298,0.047872340425531915,4
Andreas Scheuerpflug,2067-07-13,77,0.49809885931558934,0.0427807486631016,0.06417112299465241,0.03208556149732621,0.35294117647058826,1
Geir Eithun,1979-11-12,78,0.3829787234042553,0.0213903743315508,0.053475935828877004,0.0374331550802139,0.0481283422459893,4
Julien Prosser,1972-06-11,76,0.5306122448979592,0.016042780748663103,0.0481283422459893,0.12834224598930483,0.37967914438502676,1
Rogerio 'Para' Ferreira,1973-09-13,75,0.4785714285714286,0.0053475935828877,0.03208556149732621,0.08021390374331551,0.13903743315508021,1
Christoph Dressler,1993-08-02,78,0.25806451612903225,0,0.03225806451612903,0.016129032258064516,0.03225806451612903,4
Koichi Nishimura,1973-06-30,69,0.30288461538461536,0.005434782608695652,0.04891304347826087,0,0.23369565217391305,2
Nikita Liamin,1985-10-14,80,0.575,0.04395604395604396,0.16483516483516483,0.1813186813186813,0.06043956043956044,1
Tim Bomgren,1987-06-01,76,0.4175202156334232,0.8516483516483516,1.565934065934066,2.318681318681319,5.604395604395604,3
Daniel Mullner,1990-02-02,78,0.3573667711598746,0.05,0.17777777777777778,0.1388888888888889,0.18333333333333332,4
Alexander Walkenhorst,1988-07-30,81,0.35,0,0.03910614525139665,0.0446927374301676,0.0446927374301676,4
Derek Olson,1984-03-30,73,0.3491686460807601,0.24022346368715083,0.6089385474860335,0.03910614525139665,4.681564245810056,2
Igor Hernandez,1977-01-22,75,0.3953488372093023,0.01675977653631285,0.0446927374301676,0.1564245810055866,0.1005586592178771,1
Kevin McColloch,1984-04-19,77,0.36848294786358293,0.6853932584269663,1.8707865168539326,1.0337078651685394,3.0224719101123596,3
Eyal Zimet,1976-09-01,74,0.3396067415730337,0.9322033898305084,1.9774011299435028,0.4689265536723164,6.68361581920904,3
Matteo Varnier,1976-10-16,78,0.3258426966292135,0.005681818181818182,0.03409090909090909,0.005681818181818182,0.21022727272727273,4
Stefan Gunnarsson,1982-06-29,80,0.31862745098039214,0.028409090909090908,0.056818181818181816,0.13636363636363635,0.09659090909090909,4
Jim Nichols,2066-11-04,71,0.2996207332490518,0.13218390804597702,0.1896551724137931,0.10919540229885058,4.931034482758621,2
Thomas Kunert,1988-09-11,75,0.3559322033898305,0.017241379310344827,0.05172413793103448,0,0.09195402298850575,1
Anders Mol,1997-07-02,73,0.3816793893129771,0.15204678362573099,0.21052631578947367,0.2631578947368421,0.06432748538011696,2
Artem Yarzutkin,1996-05-20,75,0.4146341463414634,0.005917159763313609,0.023668639053254437,0,0.08875739644970414,1
Edgars Tocs,1988-11-29,77,0.34951456310679613,0.011834319526627219,0.04142011834319527,0.1242603550295858,0.05325443786982249,4
Simon Dahl,1975-02-06,72,0.5454545454545454,0.011834319526627219,0.011834319526627219,0.029585798816568046,0.378698224852071,1
Stephane Canet,1971-06-07,76,0.5178571428571429,0.011834319526627219,0.047337278106508875,0.03550295857988166,0.17751479289940827,1
Scott Hill,1976-04-02,75,0.2922272047832586,0.19161676646706588,0.5868263473053892,1.2035928143712575,1.347305389221557,2
Martin Spinnangr,1987-05-05,78,0.36721311475409835,0.060240963855421686,0.18072289156626506,0.10240963855421686,0.08433734939759036,4
Robert Nowotny,1974-01-27,73,0.5,0,0.006097560975609756,0,0.11585365853658537,1
Matt Heath,1975-01-08,78,0.41608996539792387,0.36809815950920244,0.9631901840490797,1.5950920245398772,2.785276073619632,3
Toms Smedins,1986-04-25,75,0.30833333333333335,0.012269938650306749,0.024539877300613498,0.006134969325153374,0.1165644171779141,2
Daan Spijkers,1987-03-06,74,0.21374045801526717,0.012345679012345678,0.037037037037037035,0.006172839506172839,0.3950617283950617,2
Chip McCaw,1973-03-24,76,0.30568882796435914,0.4528301886792453,0.7547169811320755,0.5220125786163522,2.647798742138365,2
Jason Wight,1979-07-21,72,0.2636103151862464,0.18238993710691823,0.5534591194968553,0.050314465408805034,2.1823899371069184,2
Mathieu Hamel,1972-08-28,75,0.504424778761062,0.031446540880503145,0.025157232704402517,0.1509433962264151,0.07547169811320754,1
Dave McKienzie,1979-07-05,75,0.34120521172638435,0.6582278481012658,1.379746835443038,0.5379746835443038,4.8544303797468356,3
Jeff Minc,1981-03-10,75,0.31348444102958123,0.2468354430379747,0.6265822784810127,0.2468354430379747,5.506329113924051,2
John Garcia-Thompson,1979-06-08,75,0.46153846153846156,0.0189873417721519,0.03164556962025317,0.012658227848101266,0.3037974683544304,1
Dane Jensen,1984-02-15,77,0.27412587412587414,0.1337579617834395,0.39490445859872614,0.29936305732484075,2.5095541401273884,2
Mark Van Zwieten,1987-07-05,73,0.34062927496580025,0.3974358974358974,1.0064102564102564,0.09615384615384616,3.448717948717949,2
Danko Iordanov,1977-07-16,77,0.23076923076923078,0.012903225806451613,0.06451612903225806,0.17419354838709677,0.25806451612903225,4
Vincent Robbins,1980-05-14,74,0.32488822652757077,0.1503267973856209,0.9215686274509803,1.0588235294117647,1.6143790849673203,2
Aaron Boss,1970-11-30,78,0.37259010896898576,0.5,0.8618421052631579,2.664473684210526,2.625,3
Gaston Macau,1974-10-28,73,0.3420787083753784,0.5328947368421053,1.0921052631578947,0.16447368421052633,1.6644736842105263,2
Ivan Mercer,1976-09-19,78,0.2787550744248985,0.15894039735099338,0.37748344370860926,0.32450331125827814,0.33112582781456956,4
John Child,2067-05-04,74,0.4953271028037383,0.046357615894039736,0.013245033112582781,0.2052980132450331,0.31788079470198677,1
Joey Dykstra,1987-10-01,77,0.3119556611243072,0.17333333333333334,0.6733333333333333,1.46,1.9533333333333334,4
Juan Rossell,1969-12-28,74,0.6127167630057804,0.04,0.03333333333333333,0.09333333333333334,0.12666666666666668,1
Oivind Hordvik,1985-06-02,80,0.2972972972972973,0.013333333333333334,0.006666666666666667,0.02,0.006666666666666667,4
Sebastian Chevallier,1987-07-14,76,0.39943342776203966,0.07333333333333333,0.14,0,0.7933333333333333,1
Jose Salema,1970-05-19,75,0.38,0,0.0547945205479452,0.0273972602739726,0.0547945205479452,1
Mykola Babich,1980-10-16,78,0.4626865671641791,0.013793103448275862,0.06896551724137931,0.04827586206896552,0.06206896551724138,1
Pepe Delahoz,1971-10-22,73,0.33153347732181426,0.20833333333333334,0.3333333333333333,0.3263888888888889,1.9513888888888888,2
Chris Luers,1974-07-30,75,0.21428571428571427,0.04895104895104895,0.15384615384615385,0.027972027972027972,0.8391608391608392,2
Eduardo Bacil,1971-03-11,74,0.3269961977186312,0.43356643356643354,0.4825174825174825,0.13286713286713286,3.6503496503496504,2
Mike Bruning,1969-11-11,76,0.29075804776739356,0.2727272727272727,0.5664335664335665,0.8391608391608392,0.8531468531468531,2
David Smith,1972-02-26,75,0.2895927601809955,0.1056338028169014,0.2112676056338028,0.21830985915492956,2.0211267605633805,2
Jonas Weingart,1986-01-17,75,0.32989690721649484,0.056338028169014086,0.13380281690140844,0,0.38028169014084506,2
Armin Dollinger,1990-09-28,80,0.32894736842105265,0.05,0.1,0.1357142857142857,0.12142857142857143,4
Marty Lorenz,1990-12-28,77,0.3677488025545503,0.762589928057554,1.6474820143884892,2.1870503597122304,1.7050359712230216,3
Raffe Paulis,1986-05-13,74,0.2923923006416132,0.19424460431654678,0.7482014388489209,0.04316546762589928,2.7194244604316546,2
Scott Ayakatubby,2064-09-11,76,0.3389513108614232,0.37410071942446044,0.5251798561151079,2.553956834532374,2.4892086330935252,3
Maddison McKibbin,1990-11-16,76,0.36962750716332377,0.7753623188405797,2.152173913043478,2.449275362318841,2.1884057971014492,3
Antonio Cotrino,1976-11-25,79,0.5423728813559322,0.022058823529411766,0,0.09558823529411764,0.07352941176470588,1
Sebastian Fuchs,1986-07-24,79,0.42105263157894735,0.03676470588235294,0.08823529411764706,0.0661764705882353,0.058823529411764705,4
George Roumain,1976-03-28,78,0.4584221748400853,0.22962962962962963,0.48148148148148145,4.451851851851852,2.674074074074074,3
Ben Koski,1979-08-07,76,0.35526315789473684,0.5671641791044776,1.8507462686567164,1.8134328358208955,1.7462686567164178,3
Jody Holden,2068-08-20,77,0.6105263157894737,0.022388059701492536,0,0.007462686567164179,0.08955223880597014,1
Roberto Rodriguez,1986-08-08,75,0.38728606356968215,1.164179104477612,1.6865671641791045,0.07462686567164178,6.2835820895522385,3
Chase Frishman,1991-05-29,72,0.3257386970452118,0.849624060150376,2.293233082706767,0.015037593984962405,9.218045112781954,3
Carl Henkel,1969-08-16,79,0.5631067961165048,0.10606060606060606,0,1.5151515151515151,0.12878787878787878,4
Brian Lewis,2068-03-22,73,0.39497528830313017,1.2153846153846153,1.4538461538461538,0.3153846153846154,6.338461538461538,3
George Wanderley,1996-09-12,76,0.452991452991453,0.015384615384615385,0.06153846153846154,0.038461538461538464,0.35384615384615387,1
Richard Kogel,1976-12-22,75,0.5773195876288659,0.03076923076923077,0,0.03076923076923077,0.1,1
Kacper Kujawiak,1994-05-02,74,0,0.023622047244094488,0.023622047244094488,0,0.10236220472440945,2
Kevin Dake,1975-11-17,76,0.3058161350844278,0.023622047244094488,0.13385826771653545,0.5905511811023622,0.3858267716535433,4
Seth Burnham,1977-05-31,79,0.3040629095674967,0.3228346456692913,0.7007874015748031,0.5590551181102362,0.5984251968503937,4
Raul Papaleo,1971-10-11,73,0.5,0.047619047619047616,0.047619047619047616,0.031746031746031744,0.1111111111111111,1
Chad Turner,1972-04-14,78,0.35509138381201044,0.224,0.776,3.64,2.848,3
Jeremie Holmes,1978-10-03,75,0.2715736040609137,0.248,0.768,0.04,3.152,2
Lucas Wisniakowski,1979-03-13,74,0.23376623376623376,0.056,0.16,0.024,0.488,2
Thanassis Michalopoulos,1973-09-29,78,0.46153846153846156,0.032,0.04,0.064,0.2,1
Duncan Budinger,1984-06-15,80,0.37463641652123325,1.0080645161290323,1.8790322580645162,1.2580645161290323,1.7983870967741935,3
Leonardo Moraes,1980-01-30,74,0.2225237449118046,0.04838709677419355,0.3225806451612903,0.24193548387096775,1.4838709677419355,2
Tony Pray,1976-03-09,76,0.26291079812206575,0.08870967741935484,0.1935483870967742,0.008064516129032258,0.6532258064516129,2
Bram Ronnes,1978-11-17,73,0.36645962732919257,0.06504065040650407,0.21951219512195122,0,0.2764227642276423,2
Marco Caminati,1992-09-23,75,0.37735849056603776,0.04878048780487805,0.032520325203252036,0.008130081300813009,0.2601626016260163,1
Sergiy Popov,1991-08-06,74,0.3392857142857143,0.032520325203252036,0.07317073170731707,0.016260162601626018,0.21138211382113822,2
Jake Elliott,1975-09-27,73,0.31868131868131866,0.2540983606557377,0.45901639344262296,0.36885245901639346,1.8770491803278688,2
Paul Araiza,1981-10-29,73,0.2578397212543554,0.36065573770491804,0.9508196721311475,0.040983606557377046,2.4098360655737703,2
Ran Kumgisky,1974-08-30,73,0.2487352445193929,0.14754098360655737,0.47540983606557374,0.21311475409836064,3.0081967213114753,2
Miles Evans,1989-11-12,76,0.33706070287539935,0.2644628099173554,0.4380165289256198,0.008264462809917356,1.975206611570248,2
Thomas Kaczmarek,1986-01-04,75,0.14953271028037382,0,0.01652892561983471,0,0.15702479338842976,2
Travis Schoonover,1982-12-10,75,0.2699530516431925,0.025,0.225,0.06666666666666667,0.8333333333333334,2
Curt Toppel,1980-09-19,81,0.42289239204934886,0.36134453781512604,0.8907563025210085,1.4873949579831933,1.8907563025210083,3
Dana Camacho,1977-01-25,69,0.2509457755359395,0.18487394957983194,0.6386554621848739,0.05042016806722689,2.9159663865546217,2
Ramon Hernandez,1972-07-16,75,0.4523809523809524,0.017094017094017096,0.017094017094017096,0.017094017094017096,0.1794871794871795,1
Art Barron,1974-08-17,72,0.25,0.08620689655172414,0.35344827586206895,0.04310344827586207,0.6293103448275862,2
Cole Durant,1991-11-08,78,0.225,0.02586206896551724,0.034482758620689655,0.14655172413793102,0.09482758620689655,4
Matt Heagy,1980-02-05,76,0.3169811320754717,0.02586206896551724,0.1206896551724138,0.0603448275862069,0.43103448275862066,4
Riley McKibbin,1988-09-09,74,0.33646857631466437,0.6293103448275862,1.2758620689655173,0.05172413793103448,6.594827586206897,3
Gregg Weaver,1982-03-03,75,0.28651685393258425,0.19298245614035087,0.4298245614035088,0.017543859649122806,1.9385964912280702,2
Will Montgomery,1990-01-09,74,0.31524789522918617,0.12389380530973451,0.8053097345132744,0.008849557522123894,3.3451327433628317,2
Brian Corso,1976-03-03,78,0.40454545454545454,0.13392857142857142,0.44642857142857145,0.8839285714285714,0.7767857142857143,4
Robert Kufa,1987-08-28,76,0.27007299270072993,0.026785714285714284,0.0625,0.026785714285714284,0.23214285714285715,2
Sam Boehm,1988-03-04,75,0.2289156626506024,0.044642857142857144,0.03571428571428571,0,0.25,2
Jonathan Acosta,1981-11-17,76,0.3336693548387097,0.41818181818181815,1.518181818181818,0.7727272727272727,4.3090909090909095,3
Andy Witt,1978-03-21,78,0.37089715536105033,0.24770642201834864,0.3577981651376147,1.853211009174312,1.348623853211009,4
Jorg Wutzl,1989-10-04,78,0.3308270676691729,0.045871559633027525,0.11926605504587157,0.027522935779816515,0.28440366972477066,4
Mike Whitmarsh,NA,79,0.40671641791044777,0.09174311926605505,0.03669724770642202,3.2752293577981653,1.0091743119266054,4
Adrian Heidrich,1994-09-18,81,0.30612244897959184,0.046296296296296294,0.07407407407407407,0.05555555555555555,0.027777777777777776,4
Brian Bomgren,1983-10-06,75,0.29965277777777777,0.6111111111111112,1.4814814814814814,0.35185185185185186,8.435185185185185,3
Ian Satterfield,1991-08-08,78,0.35864135864135865,0.616822429906542,1.5794392523364487,1.0373831775700935,1.6355140186915889,3
Chase Budinger,1988-05-22,79,0.46089597570235386,0.6320754716981132,1.8018867924528301,1.7075471698113207,1.0188679245283019,3
Jefferson Santos Pereira,1989-06-08,72,0.5,0.02830188679245283,0.10377358490566038,0,0.330188679245283,1
Steve Van Zwieten,1984-05-22,74,0.25,0.08490566037735849,0.18867924528301888,0.03773584905660377,0.29245283018867924,2
Jake Rosener,1987-06-28,78,0.3850267379679144,0.22857142857142856,0.45714285714285713,0.24761904761904763,0.7523809523809524,4
Joao Maciel,1978-05-28,78,0.3961038961038961,0.11538461538461539,0.28846153846153844,0.22115384615384615,0.08653846153846154,4
Julian Azaad,1990-12-26,78,0.425531914893617,0.028846153846153848,0.08653846153846154,0,0.11538461538461539,4
Reuben Danley,1978-05-26,77,0.30726256983240224,0.20192307692307693,0.5480769230769231,0.25961538461538464,0.34615384615384615,4
Farid Mussa,1984-04-28,76,0.4462809917355372,0.019417475728155338,0.11650485436893204,0.009708737864077669,0.2621359223300971,1
Hudson Bates,1985-03-11,77,0.3117249154453213,0.32038834951456313,1.0388349514563107,1.6407766990291262,2.466019417475728,3
Jeff Murrell,1973-11-01,74,0.3939393939393939,0.05825242718446602,0.22330097087378642,0.06796116504854369,0.5145631067961165,1
Lucas Black,1982-02-25,75,0.17100371747211895,0.04950495049504951,0.2079207920792079,0.21782178217821782,0.40594059405940597,2
Rihards Finsters,1991-05-21,76,0.39622641509433965,0,0.0594059405940594,0,0.12871287128712872,1
Sean Rooney,1982-11-13,81,0.41480206540447506,0.69,1.78,2.93,2.77,3
Enrico Rossi,1993-06-27,77,0.2682926829268293,0,0.030303030303030304,0.06060606060606061,0.09090909090909091,4
Eric Zaun,1993-06-28,75,0.44738424533974747,1.292929292929293,3.080808080808081,0.10101010101010101,6.01010101010101,3
Everett Matthews,1977-03-29,72,0.3548689138576779,0.2727272727272727,0.6565656565656566,0.10101010101010101,4.03030303030303,2
Martin Reader,1984-05-02,79,0.39037433155080214,0.13131313131313133,0.16161616161616163,0.16161616161616163,0.2222222222222222,4
Andrei Belov,1984-05-15,77,0.38382541720154045,0.8556701030927835,2.0412371134020617,0.6907216494845361,0.9587628865979382,3
Evan Engle,1982-02-28,75,0.34,0.26804123711340205,0.4639175257731959,0.3711340206185567,5.051546391752577,2
Alexey Kuleshov,1987-09-14,75,0.45,0.020833333333333332,0.09375,0.041666666666666664,0.041666666666666664,1
Matthias Mellitzer,1980-09-09,77,0.21176470588235294,0.031578947368421054,0.11578947368421053,0.30526315789473685,0.10526315789473684,4
Michal Biza,1978-05-15,75,0.15151515151515152,0.010638297872340425,0.11702127659574468,0.010638297872340425,0.22340425531914893,2
Daniel Dalanhese,1984-12-16,74,0.2849162011173184,0.5760869565217391,1.1521739130434783,0.14130434782608695,4.021739130434782,3
Andrea Raffaelli,1969-12-19,74,0.453125,0.01098901098901099,0,0.054945054945054944,0.08791208791208792,1
Cherif Younousse,1995-05-22,77,0.5154639175257731,0.04395604395604396,0.16483516483516483,0.12087912087912088,0.07692307692307693,1
Piotr Marciniak,1986-10-01,78,0.37703703703703706,0.7142857142857143,1.3956043956043955,2.1538461538461537,1.5714285714285714,3
Chris Guigliano,1974-10-09,77,0.2697841726618705,0.34444444444444444,0.2,0.34444444444444444,0.8666666666666667,4
Chris Magill,1970-09-14,71,0.1783783783783784,0.14444444444444443,0.3888888888888889,0.044444444444444446,2.1555555555555554,2
Chris Harger,1975-02-10,82,0.16981132075471697,0.0898876404494382,0.14606741573033707,0.4044943820224719,0.056179775280898875,4
Maciej Kosiak,1993-02-23,73,0.26153846153846155,0.045454545454545456,0.11363636363636363,0,0.4090909090909091,2
Dmitriy Yakovlev,1988-01-18,75,0.3380281690140845,0.022988505747126436,0.14942528735632185,0,0.13793103448275862,2
Ian Clark,1970-09-02,78,0.4,0.872093023255814,0.5581395348837209,1.244186046511628,1.7209302325581395,3
Maxim Sivolap,1996-06-19,75,0.37777777777777777,0.023255813953488372,0.09302325581395349,0.046511627906976744,0.03488372093023256,1
Oleksiy Kulinich,1980-05-18,76,0.18584070796460178,0.03488372093023256,0.046511627906976744,0.023255813953488372,0.13953488372093023,2
Hendrik Mol,1994-03-10,78,0.22413793103448276,0.047619047619047616,0.03571428571428571,0.05952380952380952,0.03571428571428571,4
Igor Velichko,1995-08-01,74,0.48148148148148145,0.03571428571428571,0.03571428571428571,0,0.2619047619047619,1
Kevin Gregan,1973-06-06,74,0.35064935064935066,0.05952380952380952,0.05952380952380952,0,0.20238095238095238,2
Rhooney Ferramenta,1985-11-07,72,0.36134453781512604,0.05952380952380952,0.047619047619047616,0,0.8333333333333334,2
Sander Mulder,1969-07-19,77,0.6666666666666666,0.10714285714285714,0,0.14285714285714285,0.13095238095238096,1
Yoshiumi Hasegawa,1984-08-23,73,0.24615384615384617,0.011904761904761904,0.09523809523809523,0.023809523809523808,0.05952380952380952,2
Jesse Rambis,1986-01-24,72,0.28831350594821553,0.3614457831325301,0.9879518072289156,0,4.963855421686747,2
Shane Donohue,1987-07-09,74,0.24083769633507854,0.18072289156626506,0.39759036144578314,0.12048192771084337,1.144578313253012,2
Michael Plantinga,1990-05-23,79,0.3553299492385787,0.036585365853658534,0.2073170731707317,0.25609756097560976,0.8780487804878049,4
Mats Kovatsch,1989-06-21,77,0.29591836734693877,0,0.037037037037037035,0.13580246913580246,0.04938271604938271,4
Gabriel Kissling,1992-11-04,75,0.23684210526315788,0.0125,0.0625,0.0125,0.1375,2
Jasper Bouter,1996-12-27,75,0.30392156862745096,0.025,0.0375,0,0.55,2
Vince Zanzucchi,1983-05-15,74,0.2485207100591716,0.0375,0.1125,0,0.4125,2
Connor Hastings,1986-08-03,75,0.2960199004975124,0.16666666666666666,0.6025641025641025,0.038461538461538464,1.1666666666666667,2
Paul MacDonald,1980-04-03,74,0.12269938650306748,0.01282051282051282,0.10256410256410256,0.19230769230769232,0.3717948717948718,2
Dan Buehring,1985-10-14,76,0.25523012552301255,0.15584415584415584,0.33766233766233766,0.06493506493506493,1.3506493506493507,2
Karl Jaani,1985-12-27,75,0.36486486486486486,0,0.07792207792207792,0,0.4675324675324675,1
Tom Kohler,1987-01-19,75,0.17293233082706766,0.06493506493506493,0.11688311688311688,0.09090909090909091,0.2987012987012987,2
Mike Szymanski,1976-10-18,76,0.19718309859154928,0.08,0.13333333333333333,0.13333333333333333,0.3333333333333333,2
Nicolas Capogrosso,1995-01-15,81,0.32967032967032966,0.0273972602739726,0.136986301369863,0.1643835616438356,0.3150684931506849,4
Sergio Gonzalez,1990-06-20,76,0.5521472392638037,0.0410958904109589,0.0684931506849315,0.3287671232876712,0.1095890410958904,1
Alika Williams,1975-07-13,71,0.3649851632047478,0.4722222222222222,0.1527777777777778,0.4583333333333333,1.6111111111111112,2
Jim Van Zwieten,1977-09-25,77,0.3737864077669903,0.1388888888888889,0.5416666666666666,0.16666666666666666,0.4861111111111111,4
Steven VanderWerp,1990-03-30,72,0.2238562091503268,0.125,0.3888888888888889,0.013888888888888888,2.6944444444444446,2
David Wenger,1982-08-31,75,0.3563218390804598,0.014084507042253521,0.07042253521126761,0.014084507042253521,0.2535211267605634,1
Ed Lunnen,1977-06-10,76,0.34334763948497854,0.04225352112676056,0.2676056338028169,0.29577464788732394,0.7887323943661971,4
Oscar Brandao,1985-05-24,76,0.29457364341085274,0.11267605633802817,0.14084507042253522,0.014084507042253521,0.6056338028169014,2
Steve Delaney,1976-03-08,77,0.3561643835616438,0.09859154929577464,0.5352112676056338,0.3380281690140845,0.5915492957746479,4
Alexander Likholetov,1987-03-04,81,0.3333333333333333,0.014285714285714285,0.04285714285714286,0.12857142857142856,0,4
Bennet Poniewaz,1993-07-06,78,0.45098039215686275,0.04285714285714286,0.02857142857142857,0,0.4,1
Joaquin Acosta,1979-10-01,77,0.3708040593286495,0.2571428571428571,0.7857142857142857,1.9,2.1285714285714286,3
Valeriy Samoday,1991-05-04,76,0.4878048780487805,0.04285714285714286,0.17142857142857143,0.22857142857142856,0.08571428571428572,1
Andrew McGuire,1988-01-27,72,0.31208053691275167,0.057971014492753624,0.21739130434782608,0.014492753623188406,1.8840579710144927,2
Qiang Xu,1978-11-24,76,0.24,0.057971014492753624,0.17391304347826086,0.028985507246376812,0.5652173913043478,2
Chris Seiffert,1978-01-06,75,0.29387186629526463,0.23529411764705882,0.9411764705882353,0.22058823529411764,3.0588235294117645,2
Spencer Sauter,1994-08-18,80,0.3508771929824561,0.25,0.27941176470588236,0.5882352941176471,0.8676470588235294,4
Andrew Vazquez,1972-04-20,74,0.32793522267206476,0.11940298507462686,0.08955223880597014,0.2537313432835821,0.6417910447761194,2
Nivaldo Diaz,1994-03-24,79,0.6923076923076923,0.16417910447761194,0.34328358208955223,0,0.7164179104477612,1
Sam Haghighi,1973-01-05,75,0.3076923076923077,0.14925373134328357,0.31343283582089554,0.08955223880597014,1.0298507462686568,2
Aaron Wexler,1983-04-08,72,0.22,0.015151515151515152,0.045454545454545456,0,0.19696969696969696,2
Adam Cabbage,1988-03-19,75,0.3284241531664212,0.4393939393939394,1.3181818181818181,0.045454545454545456,3.5454545454545454,3
Branden Clemens,1994-06-25,79,0.4155339805825243,0.3181818181818182,0.8636363636363636,0.8484848484848485,1.8181818181818181,4
Kyle Denitz,1981-09-16,73,0.26666666666666666,0.19696969696969696,0.5606060606060606,0.09090909090909091,1.121212121212121,2
Myles Muagututia,1991-03-09,74,0.32196969696969696,0.2727272727272727,0.8333333333333334,0.12121212121212122,3.409090909090909,2
Andrew Fuller,1984-05-09,82,0.3601340033500838,0.4,1.2461538461538462,0.9846153846153847,0.9692307692307692,4
Christian Honer,1995-05-08,73,0.25892857142857145,0.1076923076923077,0.23076923076923078,0,1.323076923076923,2
Brian Soldano,1977-01-26,73,0.3076923076923077,0.28125,0.140625,0.96875,0.890625,2
Casey Brewer,1978-04-28,71,0.20202020202020202,0.03125,0.21875,0,0.375,2
Dan Fisher,1976-03-19,78,0.2892561983471074,0.734375,0.40625,0.734375,0.921875,4
Cesar Menendez,1991-10-25,76,0.234375,0.031746031746031744,0.031746031746031744,0.14285714285714285,0.14285714285714285,2
Fernando Sabla,1975-01-02,76,0.12359550561797752,0.031746031746031744,0.047619047619047616,0.031746031746031744,0.3968253968253968,2
Mike Desjardins,1974-05-23,75,0.3669724770642202,0.031746031746031744,0.07936507936507936,0,0.7142857142857143,1
Alexey Pastukhov,1989-06-28,75,0.2777777777777778,0.04838709677419355,0.24193548387096775,0.016129032258064516,0.5645161290322581,2
Cameron Wheelan,1988-09-19,77,0.24615384615384617,0.08064516129032258,0.06451612903225806,0,0.4838709677419355,4
David Poniewaz,1993-07-06,76,0.32075471698113206,0.0967741935483871,0.14516129032258066,0.016129032258064516,0.3387096774193548,4
Shigetomo Sakugawa,1980-01-20,70,0.1044776119402985,0,0.01639344262295082,0,0.4262295081967213,2
Marcin Jagoda,1980-12-28,75,0.12962962962962962,0.05,0.016666666666666666,0,0.35,2
Robbie Page,1992-07-10,84,0.36779794790844517,1.4333333333333333,4.05,3.2333333333333334,2.2,3
Grant Goldschmidt,1983-04-16,76,0.35714285714285715,0.01694915254237288,0.0847457627118644,0.0847457627118644,0.1016949152542373,1
Ihor Akinshyn,2068-01-02,74,0.4240506329113924,0.2033898305084746,0.0847457627118644,0.4745762711864407,1.152542372881356,1
Jon Thompson,1977-04-01,78,0.3008130081300813,0.0847457627118644,0.2033898305084746,0.288135593220339,0.4576271186440678,4
Maurizio Pimponi,1970-09-01,75,0.4918032786885246,0.017241379310344827,0,0.08620689655172414,0.1896551724137931,1
Said Souikane,1971-05-13,72,0.26810176125244617,0.15517241379310345,0.25862068965517243,0.06896551724137931,2.6551724137931036,2
Hagen Smith,1995-04-10,73,0.33613445378151263,0,0.2982456140350877,0.017543859649122806,1.0350877192982457,2
Danny Cook,1981-06-23,77,0.17647058823529413,0.03571428571428571,0.10714285714285714,0.08928571428571429,0.375,2
Jan Hadrava,1991-06-03,78,0.3,0.125,0.21428571428571427,0.17857142857142858,0.125,4
Mat Ogin,1983-06-05,80,0.2864583333333333,0.05357142857142857,0.14285714285714285,0.17857142857142858,0.5178571428571429,4
Matthew McCarthy,1986-08-14,80,0.32620320855614976,0.16071428571428573,0.32142857142857145,0.375,0.44642857142857145,4
Travis Mewhirter,1990-08-29,76,0.4032258064516129,0.32142857142857145,0.6607142857142857,0.5178571428571429,0.8214285714285714,4
Tyler Hildebrand,1984-02-28,76,0.2969230769230769,0.5740740740740741,1.7407407407407407,0.6851851851851852,3.0185185185185186,3
Tyler Lesneski,1978-09-20,72,0.3271375464684015,0.07407407407407407,0.16666666666666666,0.037037037037037035,1.7407407407407407,2
Alexey Yutvalin,1987-04-19,76,0.3670886075949367,0.03773584905660377,0.2641509433962264,0.05660377358490566,0.16981132075471697,1
Garrett Wilson,1990-06-07,80,0.27927927927927926,0.1320754716981132,0.3018867924528302,0.018867924528301886,0.3018867924528302,4
Jack Quinn,1970-08-08,74,0.2545454545454545,0.11320754716981132,0.2641509433962264,0.07547169811320754,0.7547169811320755,2
Jesse Webster,1981-02-04,78,0.21052631578947367,0,0.03773584905660377,0,0.20754716981132076,4
Jonathan Drake,1989-10-25,74,0.2896174863387978,0.03773584905660377,0.3584905660377358,0.3584905660377358,0.5660377358490566,2
Matt Davis,1974-05-31,77,0.34513274336283184,0,0.24528301886792453,0.09433962264150944,0.2830188679245283,4
Mike Maghy,1987-09-21,74,0.2275449101796407,0.05660377358490566,0.16981132075471697,0,1.0566037735849056,2
Pavel Rotrekl,1983-12-23,78,0.3977272727272727,0,0.03773584905660377,0.05660377358490566,0.11320754716981132,4
Curtis Jackson,1976-12-12,74,0.3516237402015677,0.9215686274509803,2.215686274509804,0.3137254901960784,5.666666666666667,3
Tim Church,1977-12-13,77,0.4222222222222222,0.058823529411764705,0.19607843137254902,0.19607843137254902,0.09803921568627451,1
Andre Melo,1978-11-11,75,0.2895927601809955,0.48,0.72,0.36,0.84,2
Derek Zimmerman,1974-10-14,74,0.1968503937007874,0.2,0.68,0.2,1.22,2
Esteban Escobar,1977-07-24,75,0.20634920634920634,0.06,0.12,0,0.28,2
Hawk Hatcher,1991-08-05,73,0.23076923076923078,0.1,0.16,0.02,1.62,2
Leon Colina,1982-09-24,74,0.25,0.04,0.22,0.02,0.18,2
Rico Becker,1972-03-16,76,0.232,0.04081632653061224,0.12244897959183673,0.12244897959183673,0.5102040816326531,2
Joe Cash,1978-06-03,76,0.34674922600619196,0.0625,0.4375,0.6041666666666666,1.3541666666666667,4
William Chenoweth,1984-05-17,75,0.35958005249343833,0.2916666666666667,0.6875,0.3125,1.5208333333333333,2
Brian Duff,1975-04-23,77,0.27586206896551724,0.02127659574468085,0.06382978723404255,0.06382978723404255,0.2765957446808511,4
Jim Walls,1978-03-26,75,0.37083333333333335,0.23404255319148937,0.23404255319148937,0.5106382978723404,1.0851063829787233,2
Bryan Stewart,1982-02-16,77,0.32362459546925565,0.30434782608695654,0.8478260869565217,1.3478260869565217,1.565217391304348,4
Jon Mackey,1980-10-10,73,0.46153846153846156,0.13043478260869565,0.2391304347826087,0.08695652173913043,0.30434782608695654,1
Kevin Craig,1974-06-27,77,0.3128205128205128,0.28888888888888886,0.26666666666666666,0.24444444444444444,0.4,4
Michiel van Dorsten,1986-08-08,83,0.2391304347826087,0.044444444444444446,0.3333333333333333,0.17777777777777778,0.06666666666666667,4
Pavlos Beligratis,1977-11-16,75,0.4564102564102564,0.022222222222222223,0.1111111111111111,0,1.1555555555555554,1
Ranse Jones,NA,73,0.3069306930693069,0.26666666666666666,0.26666666666666666,0.2,1.711111111111111,2
Ryan Cronin,1974-11-29,75,0.07575757575757576,0.06666666666666667,0.08888888888888889,0.022222222222222223,0.4,2
Andy Northness,1985-10-24,75,-0.16666666666666666,0,0.022727272727272728,0.022727272727272728,0.06818181818181818,2
Clint Coe,1982-05-08,75,0.23706896551724138,0.3181818181818182,0.5454545454545454,0.06818181818181818,1.2727272727272727,2
Cole Fiers,1995-02-02,76,0.23134328358208955,0.06818181818181818,0.13636363636363635,0.18181818181818182,0.5681818181818182,2
Eddie Stokes,1969-12-10,75,0.27586206896551724,0.2727272727272727,0.29545454545454547,0.22727272727272727,0.7272727272727273,2
Sean Allstot,1983-01-15,74,0.35014005602240894,0.20454545454545456,0.5909090909090909,0.06818181818181818,2.8863636363636362,2
Aaron Nusbaum,1993-01-13,74,0.2631578947368421,0,0.18604651162790697,0.046511627906976744,1.069767441860465,2
Dhiraj Coats,1980-01-27,74,0.1728395061728395,0.09302325581395349,0.20930232558139536,0.046511627906976744,0.5348837209302325,2
Mario Silva,1980-06-23,76,0.23076923076923078,0.046511627906976744,0.09302325581395349,0.13953488372093023,0.13953488372093023,2
Sergiy Mykhaylov,1984-12-19,76,0.35294117647058826,0.023255813953488372,0.023255813953488372,0,0.20930232558139536,1
Dane Pearson,2067-12-24,76,0.27380952380952384,0.07142857142857142,0.35714285714285715,0.14285714285714285,1,2
David Lee,1982-03-08,80,0.3559322033898305,0.2857142857142857,0.42857142857142855,1.0952380952380953,0.6904761904761905,4
Pablo Bianchi,1983-05-12,77,0.2717391304347826,0,0.09523809523809523,0.11904761904761904,0.07142857142857142,4
Chad Wick,1971-10-24,76,0.24242424242424243,0.024390243902439025,0.14634146341463414,0,0.21951219512195122,2
Morais Abreu,2068-07-10,72,0.07079646017699115,0.07317073170731707,0.36585365853658536,0.024390243902439025,1.1219512195121952,2
Skyler Davis,1976-07-26,74,0.35555555555555557,0.36585365853658536,0.1951219512195122,0.4878048780487805,0.21951219512195122,2
Arri Jeschke,1982-06-11,73,0.3037037037037037,0.225,0.55,0.125,0.9,2
Bartosz Bachorski,1970-11-07,77,0.21978021978021978,0.025,0.175,0.075,0.375,4
John Anselmo,1970-05-16,73,0.125,0.425,0.3,0.3,1.025,2
Adam Minch,1984-01-20,76,0.375,0,0.02564102564102564,0.05128205128205128,0.20512820512820512,1
Andreas Sutter,1985-07-12,74,0.43820224719101125,0.02564102564102564,0.3076923076923077,0,0.41025641025641024,1
Dan Madden,1979-10-21,72,0.15555555555555556,0.05128205128205128,0.07692307692307693,0,0.2564102564102564,2
Keith Jones,2063-11-20,74,0.34408602150537637,0.20512820512820512,0.2564102564102564,0.10256410256410256,0.2564102564102564,2
Sam O'Dea,1990-11-24,78,0.34375,0.07692307692307693,0.23076923076923078,0.15384615384615385,0.15384615384615385,4
Tim Wooliver,1975-09-19,73,0.2,0.1282051282051282,0.1794871794871795,0.23076923076923078,0.7435897435897436,2
Christopher Austin,1991-07-09,74,0.3106060606060606,0,0.23684210526315788,0,0.9736842105263158,2
Christopher Vaughan,1993-08-27,76,0.2897196261682243,0.15789473684210525,0.21052631578947367,0.02631578947368421,1.8421052631578947,2
Francisco Tomas,1989-06-21,76,0.5142857142857142,0,0.21052631578947367,0,0.2894736842105263,1
Nate Hagstrom,1982-11-09,76,0.21666666666666667,0.10526315789473684,0.18421052631578946,0,1.2894736842105263,2
Patrick Bolton,1981-10-02,77,0.3076923076923077,0,0.02631578947368421,0.05263157894736842,0.07894736842105263,4
Andy Benesh,1995-03-14,81,0.3412698412698413,0.2972972972972973,0.8378378378378378,1.3513513513513513,1.2972972972972974,4
Benjamin Shamrokh,1979-04-15,72,0.0967741935483871,0.02702702702702703,0.32432432432432434,0,1.2162162162162162,2
David DiPierro,1975-11-06,73,0.2804232804232804,0.24324324324324326,0.6486486486486487,0.2702702702702703,1.5945945945945945,2
Nathan Yang,1991-06-15,75,0.3148148148148148,0,0.13513513513513514,0.2972972972972973,0.8378378378378378,2
Tim Holler,1991-02-23,80,0.425,0.13513513513513514,0.2972972972972973,0.24324324324324326,0.1891891891891892,4
Tim Ryan,1978-08-26,72,0.30357142857142855,0.02702702702702703,0.10810810810810811,0,0.7567567567567568,2
Jorge Martinez,1987-11-05,72,0.38686131386861317,0.05555555555555555,0.3055555555555556,0,1.5,2
Ozz Borges,1985-01-12,77,0.5185185185185185,0.08333333333333333,0.25,0,0.25,1
Soeren Schneider,1977-04-29,78,0.3880597014925373,0.16666666666666666,0.3611111111111111,0.25,0.5833333333333334,4
Ivaylo Gavrilov,1970-12-30,78,0.5294117647058824,0.11428571428571428,0,0.2,0.11428571428571428,1
Kevin Villela,1992-07-13,74,0.14634146341463414,0.08571428571428572,0.08571428571428572,0.02857142857142857,0.05714285714285714,2
Peter Tourigny,2067-09-29,73,0.2,0,0.08571428571428572,0,0.34285714285714286,2
Chris Littleman,1982-03-13,74,0.4375,0.058823529411764705,0.08823529411764706,0,0.47058823529411764,1
Ian Mehamed,1989-09-11,72,0.1111111111111111,0,0.08823529411764706,0.029411764705882353,0.5,2
Sean Mackin,1977-02-26,75,0.3220338983050847,0.029411764705882353,0.058823529411764705,0.20588235294117646,0.17647058823529413,2
James Ka,1981-11-05,74,0.15730337078651685,0.06060606060606061,0.42424242424242425,0.06060606060606061,0.9090909090909091,2
Jialu Li,1985-02-13,76,0.3783783783783784,0.12121212121212122,0.3939393939393939,0.06060606060606061,0.6666666666666666,1
Peter Jordan,1980-04-18,75,0.1836734693877551,0,0.18181818181818182,0,0.5757575757575758,2
Simon Kulzer,1998-01-17,76,0.17777777777777778,0.030303030303030304,0.36363636363636365,0.030303030303030304,1.0303030303030303,2
Travis Woloson,1991-11-09,76,0.32075471698113206,0,0.18181818181818182,0,0.6666666666666666,2
Vladislav Todorov,1970-01-02,73,0.4482758620689655,0.030303030303030304,0,0.030303030303030304,0.3939393939393939,1
Gershon Rorich,1973-10-23,77,0.456,0.03125,0.0625,0.0625,1.375,1
Lucas Yoder,1995-02-19,76,0.3023255813953488,0.375,0.96875,0.5,1.09375,2
Earl Schultz,1996-05-07,77,0.35135135135135137,0,0.12903225806451613,0.16129032258064516,0.3225806451612903,4
Rui Yin,1980-03-14,76,0.3983050847457627,0.06451612903225806,0.3548387096774194,0.25806451612903225,0.7419354838709677,1
Chris Kosty,1977-03-27,75,0.12173913043478261,0.7,0.8,0.3333333333333333,0.7,2
Colin Kaslow,1975-08-20,75,0.30597014925373134,0.16666666666666666,0.3,0.13333333333333333,1.2666666666666666,2
Joppe Paulides,1982-04-13,80,0.6470588235294118,0.06666666666666667,0.13333333333333333,0.13333333333333333,0,1
Lars Fredrik Tvinde,1992-06-17,73,0.24489795918367346,0.06666666666666667,0.1,0,0.5333333333333333,2
Ric Cervantes,1988-02-06,71,0.24598930481283424,0.26666666666666666,0.5333333333333333,0.03333333333333333,3.033333333333333,2
Daniel Lindsey,1979-01-25,73,0.8928571428571429,0,0.20689655172413793,0.2413793103448276,0.3448275862068966,1
Mark Paaluhi,1971-03-08,75,0.46938775510204084,0.10344827586206896,0.034482758620689655,0.3793103448275862,0.3793103448275862,1
Matteo Martino,1987-01-28,78,0.4895833333333333,0.10344827586206896,0.3793103448275862,0,1.7241379310344827,1
Panagiotis Mourtzios,1980-05-05,73,0.3950617283950617,0.034482758620689655,0,0.034482758620689655,0.20689655172413793,1
Abel Gustafson,1987-10-11,77,0.07407407407407407,0,0.17857142857142858,0.07142857142857142,0.25,2
Colin Pocock,1972-06-11,78,0.5121951219512195,0,0.10714285714285714,0.2857142857142857,0.6428571428571429,1
Eric Lucas,1989-11-07,72,0.16666666666666666,0.03571428571428571,0.21428571428571427,0,1.1428571428571428,2
Felipe Humana-Paredes,1989-02-20,77,0.4838709677419355,0.07142857142857142,0.07142857142857142,0.21428571428571427,0.03571428571428571,1
Hylas Smith,1984-11-18,73,0.2222222222222222,0,0.10714285714285714,0,0.5,2
Jerry Stevens,1981-10-22,75,-0.043478260869565216,0,0.07142857142857142,0.03571428571428571,0.2857142857142857,2
Marc Fornaciari,1983-04-18,75,0.3235294117647059,0.03571428571428571,0.03571428571428571,0,0.39285714285714285,2
Matthew Hilling,1993-05-21,77,0.13829787234042554,0.10714285714285714,0.39285714285714285,0.32142857142857145,0.5714285714285714,2
Mike Diehl,1970-12-30,78,0.32926829268292684,0.17857142857142858,0.5,0.5714285714285714,0.39285714285714285,4
Michael Watson,1989-02-02,73,0.24074074074074073,0.037037037037037035,0.1111111111111111,0,0.9259259259259259,2
Jeffrey Carlson,1990-05-26,74,0.2376237623762376,0.5,1.3076923076923077,0,2.576923076923077,2
Peter Connole,1991-06-29,79,0.3902439024390244,0.19230769230769232,0.34615384615384615,0.2692307692307692,0.46153846153846156,4
Arqum Iqbal,1975-11-24,74,0.05660377358490566,0.08,0.08,0.04,0.28,2
John Wankner,1981-08-09,74,0.3191489361702128,0.16,0.36,0.36,0.84,2
Michael Rupp,1977-06-08,76,-0.14893617021276595,0.16,0.04,0.68,0.36,2
Nick Hannemann,1972-01-12,78,0.1,0.2,0.24,0.52,0.2,4
Adam Johnson,2065-01-31,75,0.3467153284671533,0.3333333333333333,0.5416666666666666,0.25,3.2916666666666665,2
Bradley Lawson,1989-08-02,79,0.32710280373831774,0.125,0.5416666666666666,0.5833333333333334,1.375,4
Brook Billings,1980-04-30,77,0.18085106382978725,0.041666666666666664,0.2916666666666667,0.20833333333333334,0.6666666666666666,2
Janis Peda,1985-05-18,78,0.2708333333333333,0.041666666666666664,0.2916666666666667,0.5833333333333334,0.08333333333333333,4
Spencer McLachlin,1988-06-23,79,0.2773722627737226,0.08333333333333333,0.125,0.25,0.3333333333333333,4
Adam VanOort,1976-09-08,76,0.1875,0.21739130434782608,0.4782608695652174,0.17391304347826086,0.43478260869565216,2
Brian Cook,1992-06-01,77,0.4881889763779528,0.34782608695652173,1.0434782608695652,1.0869565217391304,1.5217391304347827,3
Eric Leeseberg,1981-02-22,78,0.21052631578947367,0.13043478260869565,0.21739130434782608,0.5217391304347826,0.2608695652173913,4
Jason Hodell,1969-06-20,77,0.24528301886792453,0,0.043478260869565216,0.043478260869565216,0.34782608695652173,4
Mike Nelson,1982-04-21,75,0.15503875968992248,0.13043478260869565,0.30434782608695654,0.13043478260869565,1.7826086956521738,2
Tim Oude Elferink,1987-04-13,76,0.2535211267605634,0.13043478260869565,0.17391304347826086,0,0.2608695652173913,2
Adam Gustafson,1990-03-13,72,0.3490566037735849,0.13636363636363635,0.22727272727272727,0,2.227272727272727,2
Bill Schultz,1980-02-11,75,0.2692307692307692,0.13636363636363635,0.3181818181818182,0.045454545454545456,0.09090909090909091,2
Emanuel Fernandes,2067-07-25,75,0.09523809523809523,0,0.36363636363636365,0.13636363636363635,0.13636363636363635,2
Geoff Cryst,1974-11-19,77,0.21428571428571427,0,0.09090909090909091,0.09090909090909091,0.18181818181818182,4
William Robbins,1977-06-05,77,0.28205128205128205,0.045454545454545456,0.36363636363636365,0.22727272727272727,0.36363636363636365,4
Bill Maik,1974-06-09,75,0.17647058823529413,0.047619047619047616,0.14285714285714285,0.19047619047619047,0.7619047619047619,2
Caleb Cook,1983-02-11,76,0.2,0.09523809523809523,0.38095238095238093,0,0.3333333333333333,2
Clay Paullin,1992-01-25,80,0.3358208955223881,0.3,0.75,1.05,0.9,4
Kristopher Johnson,1990-03-30,83,0.358974358974359,0.15,0.5,0.35,0.2,4
Monte Tucker,1981-08-09,74,0.3023255813953488,0.15,0.35,0,1.65,2
Tim McNichol,1975-10-09,73,0.20967741935483872,0,0.05,0,0.45,2
